CLUSTER,POP,N_ROWS,N_CHILDREN,N_MARKERS,N_SAME_HOM,VAR_SAME_HOM,N_OPPOSITE_HOM,VAR_OPPOSITE_HOM,N_PARENT_HET,VAR_PARENT_HET,N_PARENT_MISSING,VAR_PARENT_MISSING,CHILD_MISSING_RATE,ALL_MISSING_MARKER_RATE
C1,C1.1,182,180,2911,1941,0.0,866,0.8117782909930716,48,0.7916666666666666,56,0.6428571428571429,0.16304439100729035,0.06561319134318104
C1,C1.2,161,159,2911,1665,0.0,1175,0.8765957446808511,35,0.8571428571428571,36,0.75,0.19498367718197512,0.0539333562349708
C1,C1.3,185,183,2911,1861,0.0,957,0.8557993730407524,52,0.7692307692307693,41,0.8292682926829268,0.16547747098343762,0.05290278254895225
C1,C1.4,132,130,2911,1785,0.0,1066,0.7917448405253283,9,0.6666666666666666,51,0.803921568627451,0.18985809793092515,0.08072827207145311
C1,C1.5,113,111,2911,1666,0.0,1030,0.7572815533980582,108,0.7592592592592593,107,0.6635514018691588,0.23304273012277135,0.1058055650979045
C1,C1.6,178,176,2911,1976,0.0,877,0.8574686431014823,17,0.8823529411764706,41,0.8292682926829268,0.1340136160644577,0.04500171762281003
C1,C1.7,165,163,2911,1877,0.0,966,0.8240165631469979,22,0.13636363636363635,46,0.30434782608695654,0.12179104855076893,0.06389556853315012
C1,C1.8,176,174,2911,1744,0.0,1059,0.8914069877242682,42,0.8095238095238095,66,0.7121212121212122,0.10238216515239461,0.04328409481277912
C1,C1.9,119,117,2911,1951,0.0,900,0.8933333333333333,26,0.8076923076923077,34,0.7647058823529411,0.13235972013024572,0.036070079010649264
C1,C1.10,174,172,2911,1777,0.0,993,0.8892245720040282,56,0.48214285714285715,85,0.6235294117647059,0.12461752933939428,0.0436276193747853
C1,C1.11,118,116,2911,2119,0.0,653,0.7182235834609495,73,0.410958904109589,66,0.5606060606060606,0.15654947345976616,0.08691171418756441
C1,C1.12,177,175,2911,1767,0.0,1057,0.8826868495742668,11,0.6363636363636364,76,0.7236842105263158,0.16352554350493204,0.05015458605290278
C1,C1.13,163,161,2911,1745,0.0,1001,0.8651348651348651,102,0.8137254901960784,63,0.746031746031746,0.17973802518184398,0.05565097904500172
C1,C1.14,174,172,2911,1743,0.0,1128,0.8563829787234043,13,0.6153846153846154,27,0.7407407407407407,0.16885430564099285,0.05977327378907592
C1,C1.15,170,168,2911,2125,0.0,755,0.8688741721854305,12,0.9166666666666666,19,0.631578947368421,0.11900467847736827,0.035726554448643075
C1,C1.16,160,158,2911,1990,0.0,813,0.8806888068880688,71,0.23943661971830985,37,0.24324324324324326,0.10578817144919532,0.041222947440742015
C1,C1.17,173,171,2911,1644,0.0,1153,0.7094535993061578,67,0.1791044776119403,47,0.23404255319148937,0.22359431155467968,0.13225695637238064
C1,C1.18,119,117,2911,1799,0.0,1027,0.8510223953261928,38,0.9210526315789473,47,0.7872340425531915,0.15941301341507455,0.0559945036070079
C1,C1.19,119,117,2911,1832,0.0,967,0.8479834539813857,52,0.8653846153846154,60,0.8,0.15700834148103127,0.05358983167296462
C1,C1.20,172,170,2911,2019,0.0,788,0.8362944162436549,38,0.6578947368421053,66,0.6515151515151515,0.14165538424232627,0.05565097904500172
C1,C1.21,167,165,2911,2018,0.0,778,0.8033419023136247,47,0.5957446808510638,68,0.6323529411764706,0.1456585782247067,0.06698728959120577
C1,C1.22,122,120,2911,1950,0.0,898,0.8808463251670379,33,0.8787878787878788,30,0.7,0.14861158822855836,0.039505324630711096
C1,C1.23,188,186,2911,1905,0.0,915,0.8546448087431694,53,0.8301886792452831,38,0.631578947368421,0.17492233759229914,0.05152868430092752
C1,C1.24,169,167,2911,1910,0.0,863,0.9142526071842411,36,0.8333333333333334,102,0.7941176470588235,0.15838539341790484,0.03229130882858124
C1,C1.25,163,161,2911,2034,0.0,820,0.8097560975609757,17,0.8823529411764706,40,0.725,0.143373496546618,0.05668155273102027
C1,C1.26,171,169,2911,2108,0.0,675,0.7585185185185185,36,0.4722222222222222,92,0.5,0.10584012082307671,0.047406389556853314
C1,C1.27,154,152,2911,1767,0.0,1032,0.8420542635658915,63,0.8571428571428571,49,0.8367346938775511,0.20650346236598022,0.0601167983510821
C1,C1.28,176,174,2911,2546,0.0,315,0.5904761904761905,8,0.25,42,0.4523809523809524,0.07656649174553912,0.05358983167296462
C1,C1.29,179,177,2911,1807,0.0,1000,0.795,40,0.225,64,0.265625,0.1582289659134357,0.07145310889728615
C1,C1.30,178,176,2911,1878,0.0,989,0.8523761375126391,12,0.5,32,0.25,0.13466162830642392,0.052559257986946065
C1,C1.31,190,188,2911,1850,0.0,989,0.8452982810920121,16,0.6875,56,0.875,0.15817478822076203,0.056338028169014086
C1,C1.32,176,174,2911,1721,0.0,1095,0.8803652968036529,26,0.5769230769230769,69,0.7101449275362319,0.1367089557248171,0.04328409481277912
C1,C1.33,179,177,2911,1859,0.0,978,0.8609406952965235,32,0.875,42,0.7857142857142857,0.17577589001003402,0.04912401236688423
C1,C1.34,174,172,2911,2530,0.0,309,0.5825242718446602,38,0.5526315789473685,34,0.5,0.08900881180446263,0.05565097904500172
C1,C1.35,174,172,2911,2619,0.0,254,0.594488188976378,10,0.2,28,0.17857142857142858,0.06416120089795722,0.0456887667468224
C1,C1.36,163,161,2911,1785,0.0,1022,0.8444227005870841,48,0.9375,56,0.8392857142857143,0.1829641688945977,0.057712126417038816
C1,C1.37,171,169,2911,1647,0.0,1191,0.8606213266162889,33,0.9393939393939394,40,0.85,0.20584642216119636,0.05908622466506355
C1,C1.38,173,171,2911,1690,0.0,1153,0.8326105810928014,32,0.78125,36,0.5277777777777778,0.1414979679819037,0.06423909309515631
C1,C1.39,163,161,2911,2360,0.0,504,0.7043650793650794,13,0.38461538461538464,34,0.6470588235294118,0.10584610526360709,0.05702507729302645
C1,C1.40,117,115,2911,1832,0.0,967,0.8531540847983454,52,0.8653846153846154,60,0.8166666666666667,0.15573910056308157,0.05358983167296462
C1,C1.41,166,164,2911,1614,0.0,833,0.8067226890756303,127,0.8503937007874016,337,0.7537091988130564,0.21898643496912468,0.08588114050154586
C1,C1.42,175,173,2911,1715,0.0,1053,0.8575498575498576,86,0.8488372093023255,57,0.543859649122807,0.13567234508134385,0.0601167983510821
C1,C1.43,136,134,2911,1739,0.0,1113,0.889487870619946,8,0.875,51,0.8823529411764706,0.15840327732686618,0.044314668498797664
C1,C1.44,174,172,2911,2229,0.0,546,0.7582417582417582,39,0.6923076923076923,97,0.6391752577319587,0.12050522077444817,0.06046032291308828
C1,C1.45,173,171,2911,1782,0.0,1018,0.881139489194499,53,0.5471698113207547,58,0.5344827586206896,0.12658980555706223,0.05324630711095844
C1,C1.46,176,174,2911,1804,0.0,1003,0.8005982053838484,71,0.8732394366197183,33,0.6363636363636364,0.13896358244786916,0.07317073170731707
C1,C1.47,172,170,2911,1736,0.0,1142,0.8966725043782837,16,0.5625,17,0.8235294117647058,0.1549578677228363,0.04294057025077293
C1,C1.48,188,186,2911,2017,0.0,713,0.7138849929873773,156,0.5961538461538461,25,0.56,0.18823668472940977,0.09515630367571282
C1,C1.49,174,172,2911,1820,0.0,1021,0.8334965719882468,26,0.07692307692307693,44,0.2727272727272727,0.13422023918896248,0.06492614221916868
C1,C1.50,186,184,2911,2111,0.0,687,0.7205240174672489,49,0.673469387755102,64,0.53125,0.16173285737756338,0.08107179663345929
C1,C1.51,164,162,2911,1723,0.0,1004,0.8286852589641435,130,0.6923076923076923,54,0.5555555555555556,0.1851830646631975,0.0728272071453109
C1,C1.52,166,164,2911,1763,0.0,1061,0.9029217719132894,25,0.64,62,0.7741935483870968,0.11151142428634866,0.03916180006870491
C1,C1.53,187,185,2911,2261,0.0,567,0.890652557319224,38,0.6842105263157895,45,0.6222222222222222,0.09983937905614305,0.03091721058055651
C1,C1.54,157,155,2911,1688,0.0,1104,0.9085144927536232,56,0.03571428571428571,63,0.5079365079365079,0.11187819283917509,0.0456887667468224
C1,C1.55,176,174,2911,1690,0.0,1153,0.8421509106678231,32,0.8125,36,0.8333333333333334,0.17752125311442526,0.06664376502919958
C1,C1.56,180,178,2911,1741,0.0,1029,0.902818270165209,20,0.45,121,0.7355371900826446,0.10287402684123376,0.04087942287873583
C1,C1.57,188,186,2911,2016,0.0,855,0.8865497076023392,10,0.6,30,0.8333333333333334,0.11783261858061561,0.03538302988663689
C1,C1.58,182,180,2911,2156,0.0,585,0.7384615384615385,20,0.55,150,0.74,0.16943013092102752,0.06904843696324287
C1,C1.59,186,184,2911,2418,0.0,446,0.7802690582959642,13,0.5384615384615384,34,0.47058823529411764,0.09173225994354249,0.04019237375472346
C1,C1.60,155,153,2911,2393,0.0,433,0.7113163972286374,47,0.7659574468085106,38,0.3684210526315789,0.09506424807412946,0.05324630711095844
C1,C1.61,181,179,2911,1776,0.0,1070,0.8476635514018691,36,0.9166666666666666,29,0.6551724137931034,0.16954568396891775,0.059429749227069735
C1,C1.62,182,180,2911,1850,0.0,982,0.8492871690427699,31,0.8709677419354839,48,0.7083333333333334,0.16203862742852781,0.05358983167296462
C1,C1.63,186,184,2911,2393,0.0,433,0.8244803695150116,47,0.7659574468085106,38,0.47368421052631576,0.09114976177318418,0.03469598076262453
C1,C1.64,182,180,2911,1956,0.0,794,0.8173803526448362,112,0.7410714285714286,49,0.4489795918367347,0.17962326806366655,0.06561319134318104
C1,C1.65,180,178,2911,2277,0.0,522,0.7969348659003831,63,0.23809523809523808,49,0.22448979591836735,0.08347839848077228,0.052559257986946065
C1,C1.66,185,183,2911,2139,0.0,697,0.8479196556671449,37,0.8648648648648649,38,0.3684210526315789,0.07886986050650162,0.041222947440742015
C1,C1.67,184,182,2911,2460,0.0,393,0.5877862595419847,18,0.6111111111111112,40,0.05,0.07624924028221863,0.046032291308828584
C1,C1.68,177,175,2911,1675,0.0,1155,0.8034632034632034,31,0.8387096774193549,50,0.64,0.17358983167296463,0.07832360013740983
C1,C1.69,178,176,2911,1944,0.0,906,0.7902869757174393,9,0.4444444444444444,52,0.6346153846153846,0.14961860966240906,0.07110958433527997
C1,C1.70,93,91,2911,1649,0.0,1115,0.8286995515695067,70,0.3142857142857143,77,0.5064935064935064,0.1481685610850846,0.07351425626932326
C1,C1.71,89,87,2911,1857,0.0,947,0.8078141499472017,39,0.7948717948717948,68,0.7352941176470589,0.12349115720394697,0.05908622466506355
C1,C1.72,93,91,2911,1758,0.0,1033,0.7947725072604066,49,0.5918367346938775,71,0.5492957746478874,0.1392255974873632,0.07076605977327378
C1,C1.73,171,169,2911,2523,0.0,296,0.7702702702702703,50,0.66,42,0.2857142857142857,0.06734097760179202,0.037444177258673994
C1,C1.74,167,165,2911,2283,0.0,557,0.5691202872531418,23,0.08695652173913043,48,0.4166666666666667,0.10981751558872824,0.05084163517691515
C1,C1.75,162,160,2911,1972,0.0,871,0.8254879448909299,27,0.6296296296296297,41,0.7804878048780488,0.12613792511164548,0.05874270010305737
C1,C1.76,182,180,2911,2074,0.0,774,0.8423772609819121,20,0.7,43,0.4418604651162791,0.09257986946066643,0.04671934043284095
C1,C1.77,179,177,2911,1855,0.0,956,0.7918410041841004,46,0.6304347826086957,54,0.3888888888888889,0.12536317533144298,0.0663002404671934
C1,C1.78,154,152,2911,2283,0.0,557,0.7719928186714542,23,0.21739130434782608,48,0.4791666666666667,0.09123289157280008,0.05496392992098935
C1,C1.79,187,185,2911,1760,0.0,1108,0.8628158844765343,10,0.1,33,0.5454545454545454,0.10196737445105704,0.05565097904500172
C1,C1.80,181,179,2911,2117,0.0,707,0.7835926449787836,43,0.9534883720930233,44,0.5909090909090909,0.11380450573724402,0.05874270010305737
C1,C1.81,180,178,2911,2443,0.0,385,0.7350649350649351,45,0.9333333333333333,38,0.42105263157894735,0.07981928292142551,0.042597045688766745
C1,C1.82,182,180,2911,2400,0.0,444,0.7635135135135135,29,0.4482758620689655,38,0.3684210526315789,0.07920340471010344,0.046032291308828584
C1,C1.83,166,164,2911,2373,0.0,470,0.7574468085106383,25,0.36,43,0.5348837209302325,0.08252130271216832,0.05015458605290278
C1,C1.84,182,180,2911,1957,0.0,902,0.8492239467849224,15,0.7333333333333333,37,0.8378378378378378,0.12243024542921485,0.0498110614908966
C1,C1.85,182,180,2911,2021,0.0,798,0.6954887218045113,42,0.6904761904761905,50,0.52,0.14152066872781405,0.0498110614908966
C1,C1.86,182,180,2911,2378,0.0,470,0.8,26,0.3076923076923077,37,0.40540540540540543,0.07702202374136417,0.04500171762281003
C1,C1.87,181,179,2911,1838,0.0,1022,0.8845401174168297,31,0.5806451612903226,20,0.8,0.15692547436136098,0.046032291308828584
C1,C1.88,182,180,2911,2037,0.0,808,0.7673267326732673,8,0.625,58,0.46551724137931033,0.1332150082064201,0.07523187907935418
C1,C1.89,184,182,2911,1938,0.0,775,0.8335483870967741,157,0.8152866242038217,41,0.6829268292682927,0.14605833877561805,0.05839917554105119
C1,C1.90,175,173,2911,1979,0.0,868,0.8744239631336406,34,0.7941176470588235,30,0.8,0.133823666658062,0.04053589831672964
C1,C1.91,186,184,2911,1666,0.0,1057,0.6868495742667928,77,0.4675324675324675,111,0.45045045045045046,0.14005907128881454,0.05049811061490896
C1,C1.92,184,182,2911,1692,0.0,1134,0.8315696649029982,54,0.5740740740740741,31,0.7096774193548387,0.16748332395876195,0.06286499484713157
C1,C1.93,185,183,2911,1814,0.0,1025,0.7746341463414634,26,0.38461538461538464,46,0.6956521739130435,0.16506261345227166,0.0827894194434902
C1,C1.94,180,178,2911,2092,0.0,725,0.8524137931034482,46,0.8043478260869565,48,0.6458333333333334,0.10661612867117752,0.04294057025077293
C1,C1.95,181,179,2911,2322,0.0,494,0.6821862348178138,46,0.043478260869565216,49,0.22448979591836735,0.09377836716442545,0.0539333562349708
C1,C1.96,187,185,2911,2165,0.0,679,0.8409425625920471,27,0.4444444444444444,40,0.6,0.10120047907749728,0.04706286499484713
C1,C1.97,186,184,2911,2430,0.0,401,0.6882793017456359,35,0.22857142857142856,45,0.4222222222222222,0.08499245739548639,0.04328409481277912
C1,C1.98,185,183,2911,2454,0.0,374,0.7647058823529411,37,0.6216216216216216,46,0.5,0.08383688778009923,0.042597045688766745
C1,C1.99,180,178,2911,2202,0.0,614,0.8110749185667753,49,0.7346938775510204,46,0.5652173913043478,0.09176544606085403,0.04190999656475438
C1,C1.100,187,185,2911,2175,0.0,649,0.8012326656394453,16,0.8125,71,0.5352112676056338,0.10605810207321716,0.05530745448299553
C1,C1.101,180,178,2911,1855,0.0,956,0.7939330543933054,46,0.34782608695652173,54,0.3148148148148148,0.13463460952064815,0.07076605977327378
C1,C1.102,183,181,2911,1761,0.0,1035,0.842512077294686,67,0.40298507462686567,48,0.4791666666666667,0.11683630959724117,0.05668155273102027
C1,C1.103,179,177,2911,1835,0.0,968,0.8336776859504132,61,0.819672131147541,47,0.7446808510638298,0.1505200418440088,0.0621779457231192
C1,C1.104,139,137,2911,1995,0.0,844,0.8222748815165877,38,0.5526315789473685,34,0.5882352941176471,0.1183905999643938,0.0539333562349708
C1,C1.105,124,122,2911,1797,0.0,1003,0.7886340977068793,53,0.6981132075471698,58,0.6379310344827587,0.17259011888202466,0.07832360013740983
C1,C1.106,176,174,2911,1931,0.0,873,0.8041237113402062,35,0.45714285714285713,72,0.8611111111111112,0.1601179829185373,0.0683613878392305
C1,C1.107,275,273,2911,1802,0.0,1018,0.8654223968565815,52,0.8653846153846154,39,0.8717948717948718,0.146822146135097,0.05084163517691515
C1,C1.108,179,177,2911,2117,0.0,707,0.7567185289957568,43,0.9534883720930233,44,0.6136363636363636,0.13016281511585706,0.06492614221916868
C1,C1.109,173,171,2911,2465,0.0,392,0.7857142857142857,12,0.5833333333333334,42,0.35714285714285715,0.07408679720600023,0.039505324630711096
C1,C1.110,184,182,2911,2167,0.0,667,0.800599700149925,33,0.6363636363636364,44,0.5681818181818182,0.10818947455841994,0.054620405358983166
C1,C1.111,179,177,2911,1758,0.0,1036,0.5743243243243243,24,0.5833333333333334,93,0.4838709677419355,0.1816779136996431,0.057712126417038816
C1,C1.112,140,138,2911,2125,0.0,711,0.8509142053445851,39,0.9487179487179487,36,0.5,0.11189441349404308,0.04190999656475438
C1,C1.113,184,182,2911,1970,0.0,888,0.8693693693693694,17,0.5882352941176471,36,0.4722222222222222,0.10080747147047388,0.0415664720027482
C1,C1.114,177,175,2911,1669,0.0,1112,0.7850719424460432,16,0.3125,114,0.6754385964912281,0.15554203268390832,0.0872552387495706
C1,C1.115,176,174,2911,1728,0.0,802,0.7418952618453866,26,0.5769230769230769,355,0.4309859154929577,0.2794828968202261,0.12126417038818275
C1,C1.116,181,179,2911,2191,0.0,632,0.4161392405063291,49,0.20408163265306123,39,0.3076923076923077,0.18906325265943666,0.14840261078667125
C1,C1.117,181,179,2911,1703,0.0,1139,0.6909569798068481,39,0.15384615384615385,30,0.23333333333333334,0.2080914427839691,0.11748540020611474
C1,C1.118,178,176,2911,1842,0.0,1022,0.8786692759295499,20,0.4,27,0.2962962962962963,0.11834616345523251,0.039505324630711096
C1,C1.119,177,175,2911,1950,0.0,898,0.8875278396436526,33,0.8787878787878788,30,0.8333333333333334,0.1382362467487854,0.037444177258673994
C1,C1.120,182,180,2911,1688,0.0,1161,0.5813953488372093,31,0.6451612903225806,31,0.5483870967741935,0.258777052559258,0.16454826520096186
C1,C1.121,186,184,2911,1603,0.0,1256,0.8009554140127388,25,0.72,27,0.8148148148148148,0.26102825862918766,0.0893163861216077
C1,C1.122,178,176,2911,2288,0.0,520,0.4230769230769231,57,0.24561403508771928,46,0.30434782608695654,0.15938368570625527,0.12813466162830642
C1,C1.123,187,185,2911,2228,0.0,602,0.7508305647840532,45,0.5777777777777777,36,0.6666666666666666,0.1293713500515287,0.0601167983510821
C1,C1.124,182,180,2911,2061,0.0,787,0.6543837357052097,23,0.43478260869565216,40,0.45,0.17053322645902516,0.10340089316386121
C1,C1.125,181,179,2911,1722,0.0,1094,0.8144424131627057,47,0.8085106382978723,48,0.7083333333333334,0.17950789626709707,0.07420130539333562
C1,C1.126,183,181,2911,2067,0.0,779,0.9024390243902439,40,0.925,25,0.64,0.1192144105706873,0.028856063208519408
C1,C1.127,186,184,2911,1733,0.0,1134,0.8271604938271605,23,0.8695652173913043,21,0.8095238095238095,0.17457208788254447,0.06939196152524905
C1,C1.128,178,176,2911,1782,0.0,1090,0.865137614678899,10,0.6,29,0.7931034482758621,0.20175431747915432,0.05324630711095844
C1,C1.129,186,184,2911,1887,0.0,980,0.8530612244897959,17,0.8823529411764706,27,0.7037037037037037,0.18208855465774498,0.051185159738921335
C1,C1.130,182,180,2911,1726,0.0,1021,0.8334965719882468,81,0.2839506172839506,83,0.5060240963855421,0.16581930608038475,0.07626245276537272
C1,C1.131,182,180,2911,1710,0.0,951,0.5856992639327024,180,0.5944444444444444,70,0.4714285714285714,0.2799916027329287,0.16695293713500514
C1,C1.132,182,180,2911,1748,0.0,1060,0.6339622641509434,56,0.6607142857142857,47,0.5319148936170213,0.25031489751517233,0.14599793885262796
C1,C1.133,181,179,2911,1772,0.0,1044,0.7241379310344828,37,0.3783783783783784,58,0.5517241379310345,0.20041299712705996,0.10237031947784267
C1,C1.134,177,175,2911,1688,0.0,1096,0.708941605839416,71,0.8309859154929577,56,0.6964285714285714,0.2436649163272317,0.11611130195809001
C1,C1.135,182,180,2911,1778,0.0,1070,0.6345794392523364,27,0.4444444444444444,36,0.4444444444444444,0.24291576014351693,0.14462384060460323
C1,C1.136,182,180,2911,1473,0.0,886,0.48306997742663654,43,0.3488372093023256,509,0.4577603143418468,0.33563685636856366,0.23222260391618002
C1,C1.137,182,180,2911,1691,0.0,1103,0.6636446056210336,74,0.40540540540540543,43,0.6744186046511628,0.2726230008778961,0.14668498797664034
C1,C1.138,182,180,2911,2358,0.0,472,0.4978813559322034,34,0.2647058823529412,47,0.40425531914893614,0.14023436009007978,0.09927859841978702
C1,C1.139,80,78,2911,1768,0.0,1015,0.6463054187192119,86,0.813953488372093,42,0.5,0.24643923578997437,0.13431810374441772
C1,C1.140,182,180,2911,1618,0.0,873,0.6059564719358533,81,0.5925925925925926,339,0.5250737463126843,0.3068094202068781,0.17519752662315355
C1,C1.141,181,179,2911,1868,0.0,751,0.6657789613848203,199,0.6582914572864321,93,0.4731182795698925,0.23992024088940236,0.12366884232222604
C1,C1.142,176,174,2911,2355,0.0,520,0.4326923076923077,10,0.2,26,0.2692307692307692,0.14112739233268973,0.10752318790793541
C1,C1.143,181,179,2911,1870,0.0,993,0.6153071500503524,11,0.0,37,0.43243243243243246,0.18623061437160912,0.12057712126417039
C1,C1.144,188,186,2911,2656,0.0,196,0.6275510204081632,12,0.16666666666666666,47,0.2978723404255319,0.057237471511471134,0.032634833390587425
C1,C1.145,182,180,2911,2036,0.0,793,0.489281210592686,37,0.32432432432432434,45,0.4,0.2053857017443414,0.14668498797664034
C1,C1.146,189,187,2911,2213,0.0,614,0.7915309446254072,48,0.6666666666666666,36,0.4444444444444444,0.09640915796067655,0.05358983167296462
C1,C1.147,185,183,2911,2128,0.0,719,0.7732962447844228,13,0.5384615384615384,51,0.5294117647058824,0.0937972228948796,0.05530745448299553
C1,C1.148,181,179,2911,1712,0.0,1101,0.7874659400544959,47,0.6382978723404256,51,0.47058823529411764,0.1620668280016658,0.08656818962555823
C1,C1.149,182,180,2911,1706,0.0,1008,0.7341269841269841,128,0.4296875,69,0.5507246376811594,0.18882209244627657,0.11095843352799725
C1,C1.150,193,191,2911,1835,0.0,976,0.8534836065573771,61,0.7377049180327869,39,0.717948717948718,0.1913377853636954,0.05702507729302645
C1,C1.151,178,176,2911,1783,0.0,987,0.8277608915906788,92,0.40217391304347827,49,0.5102040816326531,0.1241548515037007,0.06733081415321196
C1,C1.152,190,188,2911,1861,0.0,980,0.8091836734693878,29,0.5862068965517241,41,0.5609756097560976,0.12909762675690886,0.0436276193747853
C1,C1.153,182,180,2911,2009,0.0,790,0.7215189873417721,79,0.6455696202531646,33,0.6363636363636364,0.16361502347417842,0.08828581243558914
C1,C1.154,182,180,2911,1807,0.0,997,0.6208625877632898,76,0.2236842105263158,31,0.5483870967741935,0.24027443795564715,0.14634146341463414
C1,C1.155,172,170,2911,1824,0.0,981,0.7522935779816514,24,0.6666666666666666,82,0.5365853658536586,0.1560692707175622,0.09034695980762625
C1,C1.156,155,153,2911,2312,0.0,480,0.7625,62,0.6935483870967742,57,0.6666666666666666,0.10797223962297618,0.05049811061490896
C1,C1.157,180,178,2911,1647,0.0,1118,0.6395348837209303,79,0.5063291139240507,67,0.5671641791044776,0.26154377622269653,0.16111301958090005
C1,C1.158,181,179,2911,2352,0.0,476,0.7100840336134454,35,0.7428571428571429,48,0.5208333333333334,0.10612989834359748,0.057712126417038816
C1,C1.159,182,180,2911,2356,0.0,473,0.5835095137420718,32,0.40625,50,0.36,0.131875262414596,0.08485056681552731
C1,C1.160,182,180,2911,1707,0.0,1108,0.5397111913357401,58,0.3793103448275862,38,0.3684210526315789,0.2425932287491889,0.18103744417725867
C1,C1.161,176,174,2911,1795,0.0,1060,0.8311320754716981,14,0.35714285714285715,42,0.6904761904761905,0.18145599134476045,0.06904843696324287
C1,C1.162,182,180,2911,1956,0.0,816,0.5588235294117647,91,0.5494505494505495,48,0.4375,0.2213748616359403,0.13225695637238064
C1,C1.163,143,141,2911,1680,0.0,1106,0.7332730560578662,36,0.5,89,0.6629213483146067,0.22294013170877888,0.1119890072140158
C1,C1.164,138,136,2911,1737,0.0,993,0.7915407854984894,126,0.7380952380952381,55,0.6545454545454545,0.20620314426010872,0.08656818962555823
C1,C1.165,159,157,2911,1993,0.0,875,0.8228571428571428,17,0.35294117647058826,26,0.5769230769230769,0.17490432731545402,0.05908622466506355
C1,C1.166,182,180,2911,1757,0.0,1005,0.8238805970149253,95,0.4105263157894737,54,0.6851851851851852,0.175907477384633,0.06458261765716249
C1,C1.167,180,178,2911,1741,0.0,1034,0.597678916827853,73,0.2328767123287671,63,0.4603174603174603,0.24392173815708723,0.15252490553074544
C1,C1.168,186,184,2911,1840,0.0,957,0.8140020898641588,56,0.8571428571428571,58,0.603448275862069,0.19808111660418504,0.07076605977327378
C1,C1.169,188,186,2911,1859,0.0,942,0.5711252653927813,77,0.025974025974025976,33,0.24242424242424243,0.17624102865290353,0.06526966678117485
C1,C1.170,182,180,2911,1682,0.0,998,0.655310621242485,13,0.23076923076923078,218,0.6422018348623854,0.2689930913393641,0.14084507042253522
C1,C1.171,181,179,2911,1729,0.0,1049,0.6682554814108675,63,0.6825396825396826,70,0.5,0.22806576480274204,0.12710408794228786
C1,C1.172,187,185,2911,2382,0.0,466,0.6931330472103004,27,0.7037037037037037,36,0.6111111111111112,0.11080059791842685,0.05565097904500172
C1,C1.173,186,184,2911,2435,0.0,435,0.8482758620689655,14,0.7142857142857143,27,0.5555555555555556,0.05533732618403955,0.025420817588457576
C1,C1.174,59,57,2911,2470,0.0,370,0.6945945945945946,34,0.3235294117647059,37,0.5675675675675675,0.0684578157864603,0.03813122638268636
C1,C1.175,186,184,2911,1942,0.0,853,0.7456037514654161,60,0.7,56,0.6607142857142857,0.18479194360222842,0.08622466506355204
C1,C1.176,181,179,2911,1703,0.0,1068,0.5898876404494382,44,0.6818181818181818,96,0.5208333333333334,0.16558075801861175,0.07214015802129853
C1,C1.177,166,164,2911,2158,0.0,685,0.8408759124087591,35,0.9142857142857143,33,0.6060606060606061,0.1116329146802289,0.04225352112676056
C1,C1.178,183,181,2911,1983,0.0,724,0.7803867403314917,156,0.6474358974358975,48,0.75,0.1789781947309785,0.07763655101339746
C1,C1.179,185,183,2911,1841,0.0,1030,0.8563106796116505,10,0.7,30,0.6333333333333333,0.16574966257628404,0.054276880796976984
C1,C1.180,183,181,2911,1786,0.0,1067,0.8500468603561387,29,0.6206896551724138,29,0.8620689655172413,0.14746883131425664,0.058055650979045005
C1,C1.181,182,180,2911,1896,0.0,835,0.7964071856287425,149,0.6442953020134228,31,0.6774193548387096,0.21348524752853162,0.07660597732737891
C1,C1.182,178,176,2911,1760,0.0,1097,0.8577939835916135,17,0.7058823529411765,37,0.8108108108108109,0.1745885512632335,0.049467536928890415
C1,C1.183,65,63,2911,1648,0.0,1042,0.7351247600767754,16,0.375,205,0.7024390243902439,0.20068377746151708,0.11473720371006527
C1,C1.184,65,63,2911,1702,0.0,963,0.8494288681204569,186,0.8225806451612904,60,0.5833333333333334,0.15303201321751647,0.041222947440742015
C1,C1.185,186,184,2911,1818,0.0,1021,0.89128305582762,34,0.9117647058823529,38,0.7894736842105263,0.16421407554553194,0.04087942287873583
C1,C1.186,186,184,2911,2093,0.0,635,0.7637795275590551,146,0.6506849315068494,37,0.7297297297297297,0.15420145475184086,0.07214015802129853
C1,C1.187,69,67,2911,1675,0.0,1126,0.8641207815275311,36,0.7777777777777778,74,0.7027027027027027,0.13207237601070565,0.05736860185503263
C1,C1.188,173,171,2911,1747,0.0,1070,0.8271028037383178,16,0.625,78,0.6282051282051282,0.14922425725369187,0.07076605977327378
C1,C1.189,176,174,2911,1782,0.0,1075,0.8716279069767442,21,0.9047619047619048,33,0.6666666666666666,0.16746427541983044,0.0498110614908966
C1,C1.190,176,174,2911,1790,0.0,1009,0.8394449950445986,34,0.9117647058823529,78,0.9230769230769231,0.16912859269437766,0.05874270010305737
C1,C1.191,177,175,2911,1810,0.0,963,0.881619937694704,54,0.8888888888888888,84,0.8690476190476191,0.1688472297197821,0.04397114393679148
C1,C1.192,175,173,2911,1904,0.0,948,0.8006329113924051,28,0.75,31,0.8709677419354839,0.15773933038524393,0.0683613878392305
C1,C1.193,172,170,2911,1941,0.0,863,0.8088064889918888,47,0.574468085106383,60,0.55,0.1675066178996504,0.07007901064926142
C1,C1.194,181,179,2911,2467,0.0,356,0.7359550561797753,45,0.28888888888888886,43,0.20930232558139536,0.07405545138935535,0.03710065269666781
C1,C1.195,177,175,2911,1925,0.0,884,0.8834841628959276,41,0.8536585365853658,61,0.7868852459016393,0.1639495509643225,0.04053589831672964
C1,C1.196,114,112,2911,1785,0.0,1066,0.850844277673546,9,0.6666666666666666,51,0.8627450980392157,0.20862676056338028,0.058055650979045005
C1,C1.197,185,183,2911,1775,0.0,1056,0.8399621212121212,44,0.5909090909090909,36,0.7777777777777778,0.17366386778621884,0.06664376502919958
C1,C1.198,186,184,2911,1601,0.0,1157,0.8660328435609335,100,0.77,53,0.7169811320754716,0.15003995340014636,0.05908622466506355
C1,C1.199,186,184,2911,1765,0.0,1062,0.8879472693032016,45,0.7555555555555555,39,0.9487179487179487,0.16908689677833705,0.04534524218481621
C1,C1.200,186,184,2911,1927,0.0,877,0.7890535917901939,33,0.24242424242424243,74,0.36486486486486486,0.1354812331038191,0.06973548608725524
C1,C1.201,183,181,2911,1972,0.0,907,0.8544652701212789,12,0.8333333333333334,20,0.75,0.1318678815922079,0.04706286499484713
C1,C1.202,174,172,2911,1733,0.0,1030,0.6970873786407767,50,0.64,98,0.5408163265306123,0.17170835563580006,0.07179663345929234
C1,C1.203,114,112,2911,1719,0.0,1093,0.8554437328453797,58,0.6379310344827587,41,0.7804878048780488,0.2431111056583403,0.06389556853315012
C1,C1.204,170,168,2911,2355,0.0,472,0.6567796610169492,45,0.5555555555555556,39,0.38461538461538464,0.10038073972289019,0.0456887667468224
C1,C1.205,174,172,2911,2315,0.0,492,0.7032520325203252,47,0.723404255319149,57,0.5789473684210527,0.11319933212433991,0.04294057025077293
C1,C1.206,177,175,2911,1972,0.0,907,0.824696802646086,12,0.8333333333333334,20,0.7,0.13640084408892378,0.05668155273102027
C1,C1.207,188,186,2911,1972,0.0,907,0.8577728776185226,12,0.8333333333333334,20,0.7,0.1336125855579319,0.046032291308828584
C1,C1.208,187,185,2911,2030,0.0,807,0.8066914498141264,45,0.4222222222222222,29,0.6206896551724138,0.1715747351611316,0.06595671590518722
C1,C1.209,178,176,2911,1656,0.0,1184,0.8277027027027027,32,0.90625,39,0.6153846153846154,0.19533665407076606,0.0601167983510821
C1,C1.210,186,184,2911,1652,0.0,1188,0.8872053872053872,43,0.9767441860465116,28,0.8928571428571429,0.20093386405388855,0.04706286499484713
C1,C1.211,186,184,2911,2121,0.0,735,0.7741496598639456,25,0.64,30,0.7333333333333333,0.15158768091048944,0.06252147028512539
C1,C1.212,175,173,2911,1934,0.0,877,0.7480045610034207,49,0.3877551020408163,51,0.6078431372549019,0.176849621626559,0.07179663345929234
C1,C1.213,175,173,2911,1915,0.0,888,0.8592342342342343,36,0.8888888888888888,72,0.9027777777777778,0.1423005820060643,0.046032291308828584
C1,C1.214,174,172,2911,1713,0.0,1116,0.8602150537634409,42,0.6904761904761905,40,0.775,0.20121751495929632,0.0601167983510821
C1,C1.215,186,184,2911,1973,0.0,837,0.8243727598566308,41,0.5853658536585366,60,0.6333333333333333,0.1455013218227712,0.06080384747509447
C1,C1.216,186,184,2911,2207,0.0,621,0.7342995169082126,45,0.5777777777777777,38,0.39473684210526316,0.14435312831389183,0.06939196152524905
C1,C1.217,188,186,2911,1686,0.0,1095,0.8164383561643835,59,0.847457627118644,71,0.8169014084507042,0.19344311344067552,0.07557540364136035
C1,C1.218,172,170,2911,1757,0.0,1040,0.7923076923076923,59,0.8135593220338984,55,0.7272727272727273,0.2019035302200578,0.08244589488148403
C1,C1.219,178,176,2911,1825,0.0,1030,0.874757281553398,11,0.8181818181818182,45,0.8444444444444444,0.16965428937259924,0.04671934043284095
C1,C1.220,186,184,2911,1702,0.0,963,0.8089304257528557,186,0.8172043010752689,60,0.5833333333333334,0.1663648380207011,0.05221573342493988
C1,C1.221,185,183,2911,1841,0.0,1030,0.8563106796116505,10,0.7,30,0.6333333333333333,0.16574966257628404,0.054276880796976984
C1,C1.222,177,175,2911,1925,0.0,884,0.8834841628959276,41,0.8536585365853658,61,0.7868852459016393,0.1639495509643225,0.04053589831672964
C1,C1.223,181,179,2911,1816,0.0,1044,0.814176245210728,21,0.6190476190476191,30,0.7,0.17195611329785498,0.06973548608725524
C1,C1.224,122,120,2911,1950,0.0,898,0.8808463251670379,33,0.8787878787878788,30,0.7,0.14861158822855836,0.039505324630711096
C1,C1.225,188,186,2911,1972,0.0,907,0.8577728776185226,12,0.8333333333333334,20,0.7,0.1336125855579319,0.046032291308828584
C1,C1.226,176,174,2911,1782,0.0,1075,0.8716279069767442,21,0.9047619047619048,33,0.6666666666666666,0.16746427541983044,0.0498110614908966
C1,C1.227,173,171,2911,1690,0.0,1153,0.8326105810928014,32,0.78125,36,0.5277777777777778,0.1414979679819037,0.06423909309515631
C1,C1.228,172,170,2911,2100,0.0,736,0.8519021739130435,36,0.8611111111111112,39,0.6153846153846154,0.11947582193303292,0.0436276193747853
C1,C1.229,169,167,2911,1910,0.0,863,0.9142526071842411,36,0.8333333333333334,102,0.7941176470588235,0.15838539341790484,0.03229130882858124
C1,C1.230,167,165,2911,1667,0.0,1112,0.8480215827338129,75,0.9466666666666667,57,0.7894736842105263,0.19787014771556166,0.06286499484713157
C1,C1.231,183,181,2911,1739,0.0,1079,0.9036144578313253,13,0.8461538461538461,80,0.85,0.17336792619346317,0.039505324630711096
C1,C1.232,185,183,2911,1950,0.0,898,0.8429844097995546,33,0.8484848484848485,30,0.5666666666666667,0.12237546296035576,0.0518722088629337
C1,C1.233,185,183,2911,1692,0.0,1134,0.8774250440917107,54,0.6111111111111112,31,0.3548387096774194,0.1310029978618881,0.05221573342493988
C1,C1.234,183,181,2911,1932,0.0,906,0.8289183222958058,35,0.8285714285714286,38,0.3157894736842105,0.13123777024090372,0.057712126417038816
C1,C1.235,186,184,2911,1708,0.0,1162,0.8580034423407917,14,0.7857142857142857,27,0.8888888888888888,0.1662117455528505,0.05874270010305737
C1,C1.236,185,183,2911,1734,0.0,1137,0.8478452066842568,14,0.7142857142857143,26,0.8461538461538461,0.15916262602940046,0.0621779457231192
C1,C1.237,275,273,2911,1802,0.0,1018,0.8654223968565815,52,0.8653846153846154,39,0.8717948717948718,0.146822146135097,0.05084163517691515
C1,C1.238,181,179,2911,1998,0.0,817,0.8653610771113831,50,0.7,46,0.717391304347826,0.131694650804404,0.046375815870834766
C1,C1.239,186,184,2911,1758,0.0,1096,0.7782846715328468,18,0.6666666666666666,39,0.7692307692307693,0.1743685869191821,0.07660597732737891
C1,C1.240,183,181,2911,2142,0.0,691,0.8639652677279306,41,0.43902439024390244,37,0.5675675675675675,0.11996788709619258,0.04294057025077293
C1,C1.241,183,181,2911,1715,0.0,1107,0.8572719060523939,53,0.7924528301886793,36,0.6944444444444444,0.1789402362158397,0.061147372037100654
C1,C1.242,185,183,2911,1723,0.0,1115,0.8753363228699551,36,0.8611111111111112,37,0.8648648648648649,0.171912455675007,0.05084163517691515
C1,C1.243,182,180,2911,1707,0.0,1055,0.8018957345971564,68,0.6470588235294118,81,0.6049382716049383,0.1391179052635597,0.05908622466506355
C1,C1.244,185,183,2911,1750,0.0,1016,0.8021653543307087,66,0.5,79,0.4936708860759494,0.16871936671340854,0.07935417382342838
C1,C1.245,182,180,2911,1567,0.0,1208,0.8741721854304636,31,0.0967741935483871,105,0.5238095238095238,0.1681304629947708,0.06286499484713157
C1,C1.246,187,185,2911,1686,0.0,989,0.6016177957532861,63,0.09523809523809523,173,0.24855491329479767,0.17520681107077535,0.07351425626932326
C1,C1.247,186,184,2911,1727,0.0,1105,0.8389140271493213,40,0.725,39,0.8461538461538461,0.17840686750407003,0.06698728959120577
C1,C1.248,184,182,2911,2116,0.0,696,0.867816091954023,48,0.375,51,0.35294117647058826,0.08386718056934478,0.044314668498797664
C1,C1.249,179,177,2911,2487,0.0,332,0.6536144578313253,36,0.4722222222222222,56,0.44642857142857145,0.07361711955625166,0.05565097904500172
C1,C1.250,185,183,2911,1743,0.0,1051,0.7840152235965747,62,0.532258064516129,55,0.7090909090909091,0.19290875199216087,0.07626245276537272
C1,C1.251,181,179,2911,1674,0.0,746,0.8900804289544236,63,0.873015873015873,428,0.8060747663551402,0.2135859166444367,0.057712126417038816
C1,C1.252,178,176,2911,1890,0.0,964,0.8267634854771784,28,0.7857142857142857,29,0.8275862068965517,0.14879883513943976,0.0601167983510821
C1,C1.253,182,180,2911,2074,0.0,749,0.8090787716955942,47,0.8297872340425532,41,0.5853658536585366,0.14586434596740333,0.054620405358983166
C1,C1.254,166,164,2911,2038,0.0,816,0.8848039215686274,22,0.6818181818181818,35,0.6571428571428571,0.11517079873649991,0.03813122638268636
C1,C1.255,179,177,2911,1775,0.0,1074,0.8519553072625698,30,0.7,32,0.875,0.16986028060328348,0.05874270010305737
C1,C1.256,176,174,2911,1763,0.0,1034,0.7746615087040619,72,0.4861111111111111,42,0.5476190476190477,0.19051398381880857,0.08965991068361388
C1,C1.257,185,183,2911,1945,0.0,911,0.862788144895719,27,0.7777777777777778,28,0.6428571428571429,0.14510252237133317,0.047749914118859496
C1,C1.258,182,180,2911,2087,0.0,743,0.847913862718708,41,0.4146341463414634,40,0.575,0.13979541203862744,0.05084163517691515
C1,C1.259,185,183,2911,1714,0.0,1124,0.8202846975088968,39,0.8974358974358975,34,0.7941176470588235,0.19274543703645303,0.0728272071453109
C1,C1.260,182,180,2911,1807,0.0,979,0.8304392236976507,40,0.875,85,0.7058823529411765,0.1758903011565327,0.06526966678117485
C1,C1.261,182,180,2911,1841,0.0,944,0.8463983050847458,35,0.8571428571428571,91,0.8021978021978022,0.17264208557578534,0.04706286499484713
C1,C1.262,180,178,2911,1724,0.0,1129,0.8821966341895483,20,0.3,38,0.18421052631578946,0.11832877230497262,0.049467536928890415
C1,C1.263,180,178,2911,2523,0.0,296,0.5067567567567568,50,0.54,42,0.16666666666666666,0.07698810015477904,0.0456887667468224
C1,C1.264,182,180,2911,1863,0.0,980,0.8112244897959183,32,0.8125,36,0.8055555555555556,0.1689358372456964,0.06733081415321196
C1,C1.265,182,180,2911,2442,0.0,353,0.7138810198300283,63,0.4603174603174603,53,0.37735849056603776,0.07864804000152678,0.05221573342493988
C1,C1.266,181,179,2911,1834,0.0,938,0.8784648187633263,78,0.9102564102564102,61,0.819672131147541,0.1875490578023256,0.0436276193747853
C1,C1.267,181,179,2911,1818,0.0,979,0.8672114402451481,51,0.47058823529411764,63,0.4603174603174603,0.12032571502046754,0.0436276193747853
C1,C1.268,173,171,2911,1919,0.0,897,0.855072463768116,57,0.9649122807017544,38,0.6842105263157895,0.15109656656240394,0.047406389556853314
C1,C1.269,161,159,2911,1998,0.0,817,0.8421052631578947,50,0.54,46,0.5652173913043478,0.10562408042363708,0.05152868430092752
C1,C1.270,185,183,2911,1970,0.0,888,0.8738738738738738,17,0.8235294117647058,36,0.8888888888888888,0.1348399607293233,0.04019237375472346
C1,C1.271,185,183,2911,2126,0.0,695,0.8172661870503597,11,0.8181818181818182,79,0.6962025316455697,0.11439931069825592,0.0518722088629337
C1,C1.272,172,170,2911,2063,0.0,738,0.7615176151761518,53,0.03773584905660377,57,0.3684210526315789,0.12440236829874513,0.07042253521126761
C1,C1.273,182,180,2911,1771,0.0,1094,0.8674588665447898,15,0.4,31,0.25806451612903225,0.12650101148898812,0.05290278254895225
C1,C1.274,182,180,2911,1696,0.0,1124,0.8291814946619217,50,0.58,41,0.7560975609756098,0.1891198137333486,0.07626245276537272
C1,C1.275,180,178,2911,1859,0.0,978,0.8609406952965235,31,0.7096774193548387,43,0.46511627906976744,0.13132094843657727,0.0498110614908966
C1,C1.276,181,179,2911,1792,0.0,1000,0.842,35,0.9428571428571428,84,0.8809523809523809,0.17383302403328543,0.057712126417038816
C1,C1.277,172,170,2911,1857,0.0,983,0.8769074262461851,31,0.8387096774193549,40,0.6,0.1338573766847859,0.0436276193747853
C1,C1.278,182,180,2911,1740,0.0,965,0.8196891191709844,174,0.8333333333333334,32,0.6875,0.19420970266040688,0.0724836825833047
C1,C1.279,170,168,2911,1683,0.0,1051,0.8306374881065651,148,0.8175675675675675,29,0.5862068965517241,0.19473548608725524,0.07385778083132943
C1,C1.280,180,178,2911,2409,0.0,411,0.7639902676399026,45,0.7111111111111111,46,0.391304347826087,0.07804376271330367,0.04294057025077293
C1,C1.281,180,178,2911,2381,0.0,447,0.7874720357941835,44,0.38636363636363635,39,0.41025641025641024,0.08975447643382907,0.04843696324287187
C1,C1.282,180,178,2911,1924,0.0,889,0.84251968503937,30,0.7666666666666667,68,0.7941176470588235,0.15901713377000837,0.052559257986946065
C1,C1.283,182,180,2911,1712,0.0,1101,0.8247048138056312,22,0.4090909090909091,76,0.618421052631579,0.13650711859231268,0.07214015802129853
C1,C1.284,179,177,2911,1919,0.0,897,0.8862876254180602,57,0.8421052631578947,38,0.7368421052631579,0.13701777982210475,0.035726554448643075
C1,C1.285,179,177,2911,1814,0.0,1028,0.835603112840467,35,0.9142857142857143,34,0.7647058823529411,0.1794809091561911,0.06080384747509447
C1,C1.286,182,180,2911,2092,0.0,747,0.8755020080321285,37,0.7567567567567568,35,0.6285714285714286,0.11898927439978625,0.037787701820680177
C1,C1.287,155,153,2911,1780,0.0,903,0.8903654485049833,184,0.7934782608695652,44,0.6818181818181818,0.17567352144109677,0.05015458605290278
C1,C1.288,95,93,2911,1729,0.0,1100,0.8372727272727273,18,0.3333333333333333,64,0.546875,0.12505402200773486,0.06904843696324287
C1,C1.289,101,99,2911,1702,0.0,1132,0.5706713780918727,24,0.4583333333333333,53,0.22641509433962265,0.1664012158687528,0.0518722088629337
C1,C1.290,182,180,2911,1651,0.0,1120,0.8089285714285714,61,0.45901639344262296,79,0.620253164556962,0.1395625787243788,0.05977327378907592
C1,C1.291,95,93,2911,1757,0.0,1072,0.7901119402985075,27,0.5185185185185185,55,0.4909090909090909,0.14299117548195017,0.06080384747509447
C1,C1.292,95,93,2911,1636,0.0,1218,0.8875205254515599,10,0.3,47,0.46808510638297873,0.1323419140597585,0.0498110614908966
C1,C1.293,182,180,2911,1668,0.0,1137,0.890061565523307,38,0.8947368421052632,68,0.75,0.13110996602923775,0.04878048780487805
C1,C1.294,181,179,2911,1655,0.0,1116,0.7661290322580645,48,0.4583333333333333,92,0.6630434782608695,0.15693315088788626,0.04706286499484713
C1,C1.295,177,175,2911,1791,0.0,1034,0.8762088974854932,45,0.9111111111111111,41,0.6585365853658537,0.16331942876772831,0.049467536928890415
C1,C1.296,179,177,2911,2193,0.0,625,0.7616,45,0.8666666666666667,48,0.6041666666666666,0.12497501198454333,0.05839917554105119
C1,C1.297,171,169,2911,1916,0.0,904,0.8174778761061947,52,0.8846153846153846,39,0.7692307692307693,0.15917586628153974,0.0601167983510821
C1,C1.298,180,178,2911,2467,0.0,368,0.8315217391304348,34,0.5294117647058824,42,0.38095238095238093,0.06406733081415321,0.03469598076262453
C1,C1.299,187,185,2911,1932,0.0,881,0.8456299659477866,36,0.8888888888888888,62,0.7903225806451613,0.15737138718931917,0.05015458605290278
C1,C1.300,180,178,2911,1785,0.0,1049,0.8665395614871306,41,0.8048780487804879,36,0.8333333333333334,0.16662678179242624,0.05290278254895225
C1,C1.301,186,184,2911,1859,0.0,946,0.8245243128964059,26,0.9230769230769231,80,0.7875,0.17729788060281093,0.06183442116111302
C1,C1.302,158,156,2911,1718,0.0,1139,0.8621597892888498,19,0.7368421052631579,35,0.6571428571428571,0.1735966140809837,0.058055650979045005
C1,C1.303,187,185,2911,2292,0.0,535,0.8280373831775701,26,0.4230769230769231,58,0.4482758620689655,0.08152116389835387,0.04706286499484713
C1,C1.304,145,143,2911,1842,0.0,1008,0.9126984126984127,8,0.875,53,0.7735849056603774,0.12274396850144016,0.03400893163861216
C1,C1.305,184,182,2911,2381,0.0,466,0.8304721030042919,26,0.2692307692307692,38,0.39473684210526316,0.0737954934107459,0.036070079010649264
C1,C1.306,177,175,2911,2191,0.0,596,0.8355704697986577,58,0.8620689655172413,66,0.6666666666666666,0.08891593463218335,0.029199587770525594
C1,C1.307,186,184,2911,1827,0.0,1001,0.9210789210789211,13,0.8461538461538461,70,0.7857142857142857,0.11984339760727675,0.03160425970456888
C1,C1.308,173,171,2911,2004,0.0,775,0.863225806451613,82,0.926829268292683,50,0.6,0.12278893730375406,0.036070079010649264
C1,C1.309,175,173,2911,2244,0.0,577,0.9081455805892548,39,0.46153846153846156,51,0.5490196078431373,0.09330166817910139,0.03091721058055651
C1,C1.310,180,178,2911,2382,0.0,461,0.7809110629067245,24,0.20833333333333334,44,0.25,0.06372187633887733,0.0415664720027482
C1,C1.311,181,179,2911,2211,0.0,616,0.8896103896103896,23,0.4782608695652174,61,0.6885245901639344,0.08132320287716215,0.03297835795259361
C1,C1.312,179,177,2911,2095,0.0,744,0.9193548387096774,32,0.9375,40,0.725,0.08141726201219997,0.023703194778426657
C1,C1.313,179,177,2911,2190,0.0,648,0.8919753086419753,31,0.8387096774193549,42,0.6190476190476191,0.08272925412472076,0.028856063208519408
C1,C1.314,188,186,2911,2388,0.0,442,0.7963800904977375,14,0.6428571428571429,67,0.47761194029850745,0.07428810998696084,0.04053589831672964
C1,C1.315,188,186,2911,2217,0.0,596,0.8557046979865772,65,0.7538461538461538,33,0.42424242424242425,0.08183087510111811,0.030573686018550327
C1,C1.316,157,155,2911,2156,0.0,669,0.9043348281016442,40,0.7,46,0.8260869565217391,0.09207566405514123,0.027481964960494674
C1,C1.317,167,165,2911,2309,0.0,513,0.8226120857699805,41,0.4634146341463415,48,0.6875,0.08949751725430187,0.04328409481277912
C1,C1.319,177,175,2911,1899,0.0,904,0.8053097345132744,48,0.5625,60,0.7166666666666667,0.12445404132109732,0.0415664720027482
C1,C1.320,146,144,2911,1950,0.0,890,0.9516853932584269,7,0.7142857142857143,64,0.625,0.1074563914653231,0.01992442459635864
C1,C1.321,182,180,2911,1790,0.0,1026,0.8859649122807017,30,0.5666666666666667,65,0.8307692307692308,0.1504274972327188,0.03160425970456888
C1,C1.322,93,91,2911,1704,0.0,1097,0.8149498632634458,23,0.34782608695652173,87,0.6896551724137931,0.11204185714663213,0.03469598076262453
C1,C1.323,172,170,2911,1726,0.0,1070,0.8289719626168224,36,0.16666666666666666,79,0.4936708860759494,0.1324408430496898,0.03194778426657506
C1,C1.324,185,183,2911,2171,0.0,668,0.8652694610778443,30,0.9666666666666667,42,0.6190476190476191,0.09718178456317003,0.036070079010649264
C1,C1.325,181,179,2911,2094,0.0,750,0.9013333333333333,21,0.14285714285714285,46,0.391304347826087,0.06752080818471258,0.030573686018550327
C1,C1.326,185,183,2911,1760,0.0,1108,0.8989169675090253,10,0.7,33,0.8484848484848485,0.12476324024380858,0.041222947440742015
C1,C1.327,141,139,2911,1797,0.0,1003,0.8883349950149552,53,0.5471698113207547,58,0.4482758620689655,0.10915925452698645,0.0456887667468224
C1,C1.328,93,91,2911,1741,0.0,1105,0.930316742081448,18,1.0,47,0.8085106382978723,0.16965205869362515,0.028512538646513225
C1,C1.329,188,186,2911,1850,0.0,964,0.8609958506224067,62,0.6290322580645161,35,0.7714285714285715,0.12347122335376012,0.04534524218481621
C1,C1.330,187,185,2911,2190,0.0,648,0.8950617283950617,31,0.8387096774193549,42,0.6428571428571429,0.08471872765929792,0.02782548952250086
C1,C1.331,187,185,2911,1793,0.0,1066,0.875234521575985,19,0.7368421052631579,33,0.7575757575757576,0.15150547318187305,0.03813122638268636
C1,C1.332,188,186,2911,1687,0.0,1148,0.8911149825783972,38,0.9473684210526315,38,0.7631578947368421,0.15422036546580822,0.0456887667468224
C1,C1.333,183,181,2911,2462,0.0,380,0.8394736842105263,26,0.5,43,0.3953488372093023,0.06521083108270971,0.03297835795259361
C1,C1.334,93,91,2911,1705,0.0,1117,0.8943598925693823,17,0.47058823529411764,72,0.7222222222222222,0.09925217345347885,0.04294057025077293
C1,C1.335,178,176,2911,1972,0.0,871,0.8966704936854191,27,0.5555555555555556,41,0.5121951219512195,0.08946277442928079,0.03538302988663689
C1,C1.336,93,91,2911,1687,0.0,1120,0.8794642857142857,38,0.3157894736842105,66,0.5151515151515151,0.1255185899637978,0.035726554448643075
C1,C1.337,161,159,2911,2292,0.0,535,0.8261682242990654,26,0.3076923076923077,58,0.3793103448275862,0.07937577914179354,0.047749914118859496
C1,C1.338,150,148,2911,2278,0.0,569,0.8506151142355008,23,0.34782608695652173,41,0.2682926829268293,0.0572734362669093,0.03813122638268636
C1,C1.339,93,91,2911,1715,0.0,1061,0.9245994344957588,67,0.5373134328358209,68,0.6323529411764706,0.09949754814062613,0.02988663689453796
C1,C1.340,185,183,2911,2462,0.0,380,0.8421052631578947,26,0.23076923076923078,43,0.32558139534883723,0.06148526504891001,0.030573686018550327
C1,C1.341,187,185,2911,2042,0.0,762,0.916010498687664,59,0.8135593220338984,48,0.7916666666666666,0.10056727974969129,0.027481964960494674
C1,C1.342,150,148,2911,2449,0.0,380,0.8657894736842106,30,0.26666666666666666,52,0.34615384615384615,0.06309942714958174,0.03503950532463071
C1,C1.343,181,179,2911,1868,0.0,934,0.9047109207708779,43,0.6511627906976745,66,0.5909090909090909,0.12715014710143954,0.031260735142562696
C1,C1.344,182,180,2911,1797,0.0,1003,0.8673978065802592,53,0.7924528301886793,58,0.7241379310344828,0.15494484522310012,0.05221573342493988
C1,C1.345,159,157,2911,2500,0.0,319,0.8526645768025078,48,0.6458333333333334,44,0.2727272727272727,0.054149973633942854,0.02507729302645139
C1,C1.346,167,165,2911,1712,0.0,1073,0.9030754892823858,58,0.6206896551724138,68,0.7352941176470589,0.11836607226507605,0.03847475094469255
C1,C1.347,147,145,2911,1698,0.0,1045,0.9205741626794258,85,0.6352941176470588,83,0.6626506024096386,0.10032338691526789,0.036070079010649264
C1,C1.348,188,186,2911,1842,0.0,957,0.9132706374085684,41,0.6097560975609756,71,0.7887323943661971,0.12452026610225211,0.03675712813466163
C1,C1.349,181,179,2911,1844,0.0,970,0.9010309278350516,22,0.6818181818181818,75,0.7466666666666667,0.1510414167797355,0.04019237375472346
C1,C1.350,181,179,2911,2354,0.0,483,0.6894409937888198,22,0.13636363636363635,52,0.28846153846153844,0.08776380863187025,0.04397114393679148
C1,C1.351,184,182,2911,1827,0.0,1001,0.919080919080919,13,0.8461538461538461,70,0.7714285714285715,0.12716637536287143,0.03229130882858124
C1,C1.352,150,148,2911,2144,0.0,671,0.8152011922503726,50,0.88,46,0.6956521739130435,0.10055520996778297,0.04087942287873583
C1,C1.353,173,171,2911,2318,0.0,543,0.8968692449355433,6,0.6666666666666666,44,0.4772727272727273,0.0708785590450419,0.02610786671246994
C1,C1.354,186,184,2911,2322,0.0,494,0.805668016194332,46,0.6521739130434783,49,0.42857142857142855,0.08310307230445238,0.03023016145654414
C1,C1.355,186,184,2911,2304,0.0,541,0.8280961182994455,29,0.8275862068965517,37,0.5135135135135135,0.08477962152554777,0.037787701820680177
C1,C1.356,184,182,2911,1809,0.0,1032,0.875,24,0.9583333333333334,46,0.7391304347826086,0.1591990970211513,0.04706286499484713
C1,C1.357,174,172,2911,2156,0.0,669,0.9207772795216741,40,0.65,46,0.7608695652173914,0.08920853538702436,0.025420817588457576
C1,C1.358,157,155,2911,2292,0.0,535,0.811214953271028,26,0.38461538461538464,58,0.39655172413793105,0.08709344976230317,0.04912401236688423
C1,C1.359,187,185,2911,1760,0.0,1108,0.8628158844765343,10,0.1,33,0.5454545454545454,0.10196737445105704,0.05565097904500172
C1,C1.360,154,152,2911,2283,0.0,557,0.7719928186714542,23,0.21739130434782608,48,0.4791666666666667,0.09123289157280008,0.05496392992098935
C1,C1.361,176,174,2911,2373,0.0,468,0.811965811965812,11,0.6363636363636364,59,0.3050847457627119,0.07684881365569363,0.04465819306080385
C1,C1.362,183,181,2911,1956,0.0,874,0.8226544622425629,35,0.7428571428571429,46,0.6304347826086957,0.13553087830310254,0.054276880796976984
C1,C1.363,181,179,2911,2318,0.0,543,0.7569060773480663,6,0.5,44,0.29545454545454547,0.0865355643878258,0.05221573342493988
C1,C1.364,186,184,2911,2210,0.0,602,0.7541528239202658,52,0.5,47,0.48936170212765956,0.1130942601526444,0.04878048780487805
C1,C1.365,182,180,2911,2182,0.0,662,0.8429003021148036,27,0.48148148148148145,40,0.625,0.10491240123668842,0.04465819306080385
C1,C1.366,183,181,2911,1825,0.0,1038,0.5809248554913294,12,0.5,36,0.4444444444444444,0.20915711219208527,0.1264170388182755
C1,C1.367,185,183,2911,2484,0.0,383,0.7911227154046997,10,0.2,34,0.20588235294117646,0.07495968748650775,0.03847475094469255
C1,C1.368,175,173,2911,1625,0.0,1225,0.8963265306122449,26,0.9230769230769231,35,0.8,0.15743750533654485,0.0456887667468224
C1,C1.369,188,186,2911,1741,0.0,1103,0.8948322756119673,30,0.9666666666666667,37,0.9459459459459459,0.1463968706020545,0.04019237375472346
C1,C1.370,186,184,2911,2301,0.0,538,0.8178438661710037,37,0.8378378378378378,35,0.6,0.0897737965438442,0.03881827550669873
C1,C1.371,182,180,2911,2187,0.0,611,0.8363338788870703,65,0.6,48,0.5625,0.11980991640902325,0.04706286499484713
C1,C1.372,149,147,2911,2095,0.0,744,0.8145161290322581,32,0.9375,40,0.4,0.10280965701292541,0.03984884919271728
C1,C1.373,180,178,2911,2322,0.0,494,0.8340080971659919,46,0.6739130434782609,49,0.42857142857142855,0.09433030079628221,0.035726554448643075
C1,C1.374,176,174,2911,2373,0.0,468,0.811965811965812,11,0.6363636363636364,59,0.3050847457627119,0.07684881365569363,0.04465819306080385
C1,C1.375,126,124,2911,1840,0.0,988,0.9220647773279352,48,0.875,35,0.8,0.1329163019026828,0.029543112332531776
C1,C1.376,159,157,2911,1758,0.0,1036,0.6853281853281853,24,0.7083333333333334,93,0.2903225806451613,0.16138652639778395,0.05839917554105119
C1,C1.377,37,35,2911,1682,0.0,1033,0.8712487899322362,11,0.7272727272727273,185,0.11351351351351352,0.18365804583599155,0.05015458605290278
C1,C1.378,23,21,2911,2031,0.0,760,0.8539473684210527,21,0.8571428571428571,99,0.13131313131313133,0.13222423974742767,0.04500171762281003
C1,C1.379,63,61,2911,2179,0.0,628,0.9251592356687898,37,0.7297297297297297,67,0.0,0.071363004094137,0.02198557196839574
C1,C1.380,125,123,2911,2260,0.0,540,0.8944444444444445,10,0.8,101,0.6237623762376238,0.09040281745998498,0.028512538646513225
C1,C1.381,117,115,2911,2355,0.0,441,0.8866213151927438,41,0.7804878048780488,74,0.5540540540540541,0.10136065598255492,0.029543112332531776
C1,C1.382,68,66,2911,1587,0.0,1218,0.8472906403940886,31,0.967741935483871,75,0.8266666666666667,0.2057347782184608,0.047749914118859496
C1,C1.383,117,115,2911,2408,0.0,376,0.8909574468085106,49,0.7551020408163265,78,0.6538461538461539,0.09672755515062806,0.024390243902439025
C1,C1.384,137,135,2911,2328,0.0,502,0.9223107569721115,11,0.8181818181818182,70,0.6428571428571429,0.08517118974006642,0.019237375472346274
C1,C1.385,69,67,2911,1780,0.0,994,0.8108651911468813,18,0.6111111111111112,119,0.6302521008403361,0.19577823694991206,0.07763655101339746
C1,C1.386,90,88,2911,2008,0.0,720,0.8277777777777777,41,0.4634146341463415,142,0.6338028169014085,0.1431053058930077,0.059429749227069735
C1,C1.387,141,139,2911,2208,0.0,587,0.9233390119250426,34,0.8235294117647058,82,0.7073170731707317,0.09866569128757455,0.02095499828237719
C1,C1.388,141,139,2911,2482,0.0,367,0.8583106267029973,7,0.2857142857142857,55,0.6,0.06653996624067973,0.02507729302645139
C1,C1.389,167,165,2911,2292,0.0,564,0.9202127659574468,27,0.8518518518518519,28,0.0,0.07263358421036195,0.019580900034352457
C1,C1.390,138,136,2911,2387,0.0,402,0.818407960199005,25,0.48,97,0.4948453608247423,0.07703285711398954,0.03297835795259361
C1,C1.391,68,66,2911,2075,0.0,750,0.8573333333333333,29,0.6206896551724138,57,0.543859649122807,0.1477363813330835,0.03400893163861216
C1,C1.392,63,61,2911,2167,0.0,670,0.49402985074626865,18,0.16666666666666666,56,0.30357142857142855,0.12795445202200809,0.03641360357265545
C1,C1.393,89,87,2911,2554,0.0,287,0.6933797909407665,13,0.6153846153846154,57,0.5614035087719298,0.06859435277208527,0.037444177258673994
C1,C1.394,80,78,2911,2573,0.0,242,0.8140495867768595,24,0.375,72,0.4166666666666667,0.08012049784636524,0.03229130882858124
C1,C1.395,48,46,2911,2409,0.0,432,0.7222222222222222,12,0.5,58,0.0,0.0780920944543187,0.04328409481277912
C1,C1.396,174,172,2911,2010,0.0,345,0.863768115942029,20,0.7,536,0.5317164179104478,0.20270146117773002,0.0913775334936448
C1,C1.397,140,138,2911,2170,0.0,598,0.9230769230769231,47,0.6170212765957447,96,0.6041666666666666,0.1264245067435365,0.03160425970456888
C1,C1.398,141,139,2911,2258,0.0,496,0.8588709677419355,34,0.6176470588235294,123,0.6422764227642277,0.12270993922828072,0.03813122638268636
C1,C1.399,57,55,2911,2374,0.0,453,0.8785871964679912,20,0.7,64,0.5625,0.07680584616345523,0.028856063208519408
C1,C1.400,115,113,2911,1729,0.0,1044,0.9166666666666666,52,0.5576923076923077,86,0.6511627906976745,0.09476413846775886,0.027481964960494674
C1,C1.401,74,72,2911,2283,0.0,557,0.9030520646319569,23,0.6086956521739131,48,0.0,0.05904328409481278,0.020611473720371008
C1,C1.402,90,88,2911,2411,0.0,441,0.927437641723356,19,0.5789473684210527,40,0.8,0.07303410262015553,0.013740982480247337
C1,C1.403,117,115,2911,2219,0.0,620,0.867741935483871,7,0.7142857142857143,65,0.7538461538461538,0.0840619539079653,0.023703194778426657
C1,C1.404,132,130,2911,2414,0.0,374,0.8582887700534759,38,0.8421052631578947,85,0.5882352941176471,0.06893745210474857,0.03023016145654414
C1,C1.405,73,71,2911,2126,0.0,604,0.9321192052980133,56,0.875,125,0.864,0.11107939288081634,0.01992442459635864
C1,C1.406,183,181,2911,2573,0.0,242,0.7603305785123967,24,0.3333333333333333,72,0.4027777777777778,0.06638185127474183,0.03297835795259361
C1,C1.407,87,85,2911,1666,0.0,487,0.893223819301848,33,0.9090909090909091,725,0.6951724137931035,0.22571988603067472,0.08175884575747167
C1,C1.408,75,73,2911,2091,0.0,543,0.9208103130755064,11,0.8181818181818182,266,0.6804511278195489,0.11102431495084775,0.036070079010649264
C1,C1.409,89,87,2911,2275,0.0,538,0.8178438661710037,24,0.7083333333333334,74,0.7432432432432432,0.09346237221478577,0.04087942287873583
C1,C1.410,71,69,2911,2179,0.0,651,0.9447004608294931,34,0.8235294117647058,47,0.7021276595744681,0.0714132799625608,0.01683270353830299
C1,C1.411,89,87,2911,2485,0.0,339,0.7669616519174042,22,0.7727272727272727,65,0.47692307692307695,0.06896946579956328,0.03813122638268636
C1,C1.412,142,140,2911,2211,0.0,580,0.8327586206896552,51,0.7647058823529411,69,0.4057971014492754,0.1204053589831673,0.04465819306080385
C1,C1.413,77,75,2911,2430,0.0,378,0.8465608465608465,17,0.7058823529411765,86,0.5348837209302325,0.06855834192144739,0.024390243902439025
C1,C1.414,90,88,2911,2381,0.0,423,0.8676122931442081,46,0.6521739130434783,61,0.5245901639344263,0.07550513725367727,0.030573686018550327
C1,C1.415,77,75,2911,2347,0.0,449,0.8819599109131403,28,0.9285714285714286,87,0.632183908045977,0.09357151036299095,0.02782548952250086
C1,C1.416,170,168,2911,2292,0.0,536,0.8955223880597015,25,0.68,58,0.6724137931034483,0.08915689257496197,0.02679491583648231
C1,C1.417,143,141,2911,2119,0.0,320,0.90625,21,0.19047619047619047,451,0.6629711751662971,0.17266129209089515,0.06526966678117485
C1,C1.418,82,80,2911,1713,0.0,1050,0.92,39,0.9487179487179487,109,0.926605504587156,0.2285769495018894,0.03160425970456888
C1,C1.419,74,72,2911,2514,0.0,313,0.7476038338658147,11,0.5454545454545454,73,0.5205479452054794,0.06367609450742395,0.03641360357265545
C1,C1.420,56,54,2911,2462,0.0,380,0.8605263157894737,26,0.6153846153846154,43,0.0,0.05727317836558647,0.030573686018550327
C1,C1.421,128,126,2911,2533,0.0,280,0.6785714285714286,28,0.6428571428571429,70,0.35714285714285715,0.07746478873239436,0.04465819306080385
C1,C1.422,136,134,2911,2472,0.0,317,0.861198738170347,31,0.7419354838709677,91,0.5824175824175825,0.07256571829960469,0.027481964960494674
C1,C1.423,116,114,2911,2468,0.0,389,0.7763496143958869,14,0.7142857142857143,40,0.45,0.08545022811236266,0.03710065269666781
C1,C1.424,90,88,2911,2198,0.0,580,0.9172413793103448,56,0.9464285714285714,77,0.7142857142857143,0.09042112988351395,0.02198557196839574
C1,C1.425,80,78,2911,1730,0.0,1059,0.931067044381492,15,0.6666666666666666,107,0.822429906542056,0.1224092522615367,0.029199587770525594
C1,C1.426,90,88,2911,2180,0.0,598,0.9013377926421404,42,0.9285714285714286,91,0.7802197802197802,0.0793854033290653,0.022672621092408106
C1,C1.427,42,40,2911,1729,0.0,1077,0.9266480965645311,13,0.9230769230769231,92,0.0,0.10974750944692546,0.032634833390587425
C1,C1.428,71,69,2911,2080,0.0,743,0.9219380888290714,16,0.9375,72,0.75,0.1069904759059838,0.02404671934043284
C1,C1.429,89,87,2911,2049,0.0,756,0.917989417989418,24,0.7083333333333334,82,0.7682926829268293,0.11608761060898613,0.028169014084507043
C1,C1.430,104,102,2911,2164,0.0,675,0.9111111111111111,7,0.8571428571428571,65,0.6307692307692307,0.11054418332087215,0.02679491583648231
C1,C1.431,69,67,2911,1936,0.0,852,0.8380281690140845,59,0.7627118644067796,64,0.078125,0.1300983915872373,0.037444177258673994
C1,C1.432,183,181,2911,2400,0.0,404,0.8415841584158416,32,0.3125,75,0.41333333333333333,0.08449755262473642,0.03400893163861216
C1,C1.433,90,88,2911,2360,0.0,379,0.7757255936675461,22,0.6818181818181818,150,0.4533333333333333,0.111692326910465,0.046375815870834766
C1,C1.434,164,162,2911,2310,0.0,467,0.860813704496788,58,0.8793103448275862,76,0.7105263157894737,0.09730863349322069,0.020611473720371008
C1,C1.435,141,139,2911,2384,0.0,472,0.8792372881355932,12,0.75,43,0.4418604651162791,0.08811034305499606,0.02576434215046376
C1,C1.436,143,141,2911,2509,0.0,285,0.7578947368421053,31,0.7419354838709677,86,0.3372093023255814,0.08279429213231299,0.04500171762281003
C1,C1.437,151,149,2911,1938,0.0,541,0.88909426987061,10,0.9,422,0.8056872037914692,0.17722639651956593,0.04294057025077293
C1,C1.438,177,175,2911,2462,0.0,273,0.7619047619047619,34,0.47058823529411764,142,0.5633802816901409,0.09834813760612456,0.04706286499484713
C1,C1.439,90,88,2911,2399,0.0,405,0.8740740740740741,23,0.6956521739130435,84,0.5833333333333334,0.07970940945004841,0.022672621092408106
C1,C1.440,90,88,2911,2119,0.0,712,0.8539325842696629,26,0.6153846153846154,54,0.7592592592592593,0.108116548515037,0.04190999656475438
C1,C1.441,90,88,2911,2338,0.0,476,0.7983193277310925,21,0.5238095238095238,76,0.47368421052631576,0.1263936166890478,0.04878048780487805
C1,C1.442,117,115,2911,2311,0.0,499,0.8817635270541082,19,0.7368421052631579,82,0.5,0.07833554881782744,0.02576434215046376
C1,C1.443,68,66,2911,1831,0.0,565,0.8672566371681416,38,0.7631578947368421,477,0.649895178197065,0.18460801765508053,0.0724836825833047
C1,C1.444,140,138,2911,1728,0.0,1042,0.927063339731286,61,0.9836065573770492,80,0.8125,0.20606992965214405,0.03023016145654414
C1,C1.445,151,149,2911,2141,0.0,629,0.8585055643879174,56,0.5178571428571429,85,0.5294117647058824,0.13140160326832495,0.03847475094469255
C1,C1.446,71,69,2911,2033,0.0,333,0.7957957957957958,16,0.5,529,0.41965973534971646,0.2127462548354816,0.1202335967021642
C1,C1.447,90,88,2911,2364,0.0,444,0.8783783783783784,21,0.38095238095238093,82,0.47560975609756095,0.08749336373005215,0.03160425970456888
C1,C1.448,177,175,2911,2393,0.0,345,0.7855072463768116,29,0.6206896551724138,144,0.5972222222222222,0.0919350247828434,0.04671934043284095
C1,C1.449,87,85,2911,2317,0.0,441,0.8503401360544217,8,0.5,145,0.6068965517241379,0.10835977125305636,0.03984884919271728
C1,C1.450,62,60,2911,1820,0.0,1000,0.76,30,0.8333333333333334,61,0.6721311475409836,0.16073514256269322,0.03469598076262453
C1,C1.451,90,88,2911,1796,0.0,997,0.9277833500501504,28,0.8571428571428571,90,0.8111111111111111,0.14216842072389993,0.029543112332531776
C1,C1.452,161,159,2911,1813,0.0,1028,0.8521400778210116,14,0.9285714285714286,56,0.6607142857142857,0.16768535742758436,0.035726554448643075
C1,C1.453,186,184,2911,1863,0.0,912,0.8837719298245614,76,0.8947368421052632,60,0.7666666666666667,0.13783736352366585,0.03297835795259361
C1,C1.454,170,168,2911,2214,0.0,628,0.8837579617834395,16,0.8125,53,0.5660377358490566,0.09528103580834602,0.03091721058055651
C1,C1.455,138,136,2911,1973,0.0,877,0.9053591790193842,9,0.7777777777777778,52,0.6153846153846154,0.11770262897326571,0.03366540707660598
C1,C1.456,89,87,2911,2145,0.0,662,0.8867069486404834,57,0.8596491228070176,47,0.7446808510638298,0.09407439873330253,0.028512538646513225
C1,C1.457,41,39,2911,2200,0.0,621,0.8599033816425121,25,0.4,65,0.5846153846153846,0.09228479067022523,0.0436276193747853
C1,C1.458,175,173,2911,2619,0.0,242,0.7933884297520661,17,0.7058823529411765,33,0.3939393939393939,0.0448925046117676,0.023703194778426657
C1,C1.459,163,161,2911,2085,0.0,750,0.9026666666666666,8,0.75,68,0.7058823529411765,0.11668953274258488,0.030573686018550327
C1,C1.460,90,88,2911,2222,0.0,582,0.8969072164948454,56,0.75,51,0.5686274509803921,0.07977967583773149,0.03160425970456888
C1,C1.461,148,146,2911,2043,0.0,812,0.9137931034482759,8,0.75,48,0.7291666666666666,0.1362921935219738,0.02782548952250086
C1,C1.462,90,88,2911,2338,0.0,476,0.7962184873949579,21,0.5714285714285714,76,0.4868421052631579,0.08241076168764248,0.047749914118859496
C1,C1.463,166,164,2911,2326,0.0,480,0.9166666666666666,16,0.6875,89,0.651685393258427,0.06187631440038207,0.023703194778426657
C1,C1.464,90,88,2911,2352,0.0,475,0.8273684210526315,21,0.8095238095238095,63,0.5555555555555556,0.0852721651416258,0.037444177258673994
C1,C1.465,90,88,2911,2402,0.0,438,0.8264840182648402,28,0.21428571428571427,43,0.5581395348837209,0.0745916742137972,0.03813122638268636
C1,C1.466,185,183,2911,2181,0.0,661,0.8638426626323752,27,0.48148148148148145,42,0.5238095238095238,0.1017433402225964,0.039505324630711096
C1,C1.467,152,150,2911,2063,0.0,768,0.9114583333333334,38,0.5526315789473685,42,0.7142857142857143,0.09715103629909538,0.031260735142562696
C1,C1.468,184,182,2911,2275,0.0,541,0.7911275415896488,31,0.4838709677419355,64,0.46875,0.10759113782129928,0.049467536928890415
C1,C1.469,65,63,2911,1936,0.0,852,0.8685446009389671,59,0.7288135593220338,64,0.0,0.1250156767161233,0.044314668498797664
C1,C1.470,182,180,2911,2326,0.0,480,0.8,16,0.6875,89,0.6067415730337079,0.10397343410053819,0.044314668498797664
C1,C1.471,89,87,2911,1615,0.0,1199,0.9074228523769808,26,0.8846153846153846,71,0.6056338028169014,0.15212215259597958,0.047749914118859496
C1,C1.472,115,113,2911,2426,0.0,398,0.7361809045226131,23,0.17391304347826086,64,0.5625,0.08019322496602754,0.0498110614908966
C1,C1.473,48,46,2911,1706,0.0,1039,0.7449470644850819,62,0.7903225806451613,104,0.7403846153846154,0.17185936403148477,0.03847475094469255
C1,C1.474,183,181,2911,1962,0.0,882,0.9285714285714286,18,0.8333333333333334,49,0.673469387755102,0.10964696682995155,0.02610786671246994
C1,C1.475,137,135,2911,1778,0.0,1034,0.9061895551257253,20,0.9,79,0.7848101265822784,0.170553583470107,0.037444177258673994
C1,C1.476,114,112,2911,1815,0.0,1010,0.9277227722772278,19,0.9473684210526315,67,0.746268656716418,0.14898230848505667,0.02988663689453796
C1,C1.477,186,184,2911,2069,0.0,764,0.930628272251309,12,0.6666666666666666,66,0.5909090909090909,0.10871058802443505,0.02782548952250086
C1,C1.478,70,68,2911,1770,0.0,989,0.5207280080889788,44,0.6363636363636364,108,0.5277777777777778,0.22057813163052922,0.1119890072140158
C1,C1.479,154,152,2911,2214,0.0,628,0.9203821656050956,16,0.875,53,0.6037735849056604,0.09963342313185919,0.02198557196839574
C1,C1.480,87,85,2911,1802,0.0,1017,0.8171091445427728,11,0.7272727272727273,81,0.345679012345679,0.16831086952128843,0.07523187907935418
C1,C1.481,152,150,2911,1729,0.0,1064,0.8975563909774437,31,0.5483870967741935,87,0.6666666666666666,0.1318790793541738,0.04053589831672964
C1,C1.482,164,162,2911,1729,0.0,1044,0.9128352490421456,52,0.36538461538461536,86,0.6162790697674418,0.10370200728611355,0.029543112332531776
C1,C1.483,58,56,2911,1708,0.0,1088,0.9090073529411765,24,0.6666666666666666,91,0.7802197802197802,0.14833513274770574,0.03881827550669873
C1,C1.484,66,64,2911,1848,0.0,963,0.8961578400830738,14,0.7857142857142857,86,0.7906976744186046,0.17493451563036758,0.034352456200618345
C1,C1.485,48,46,2911,1728,0.0,1104,0.8414855072463768,15,0.4666666666666667,64,0.671875,0.1706420922139411,0.06492614221916868
C1,C1.486,67,65,2911,1794,0.0,1027,0.8549172346640701,8,0.5,82,0.4878048780487805,0.12687683323203763,0.037787701820680177
C1,C1.487,70,68,2911,1693,0.0,1136,0.7702464788732394,9,0.4444444444444444,73,0.2876712328767123,0.16857962697274032,0.07626245276537272
C1,C1.488,164,162,2911,1694,0.0,1059,0.9102927289896129,70,0.7714285714285715,88,0.6590909090909091,0.141839595234763,0.029543112332531776
C1,C1.489,139,137,2911,2290,0.0,479,0.8705636743215032,57,0.8947368421052632,85,0.23529411764705882,0.07333622529193319,0.02988663689453796
C1,C1.490,164,162,2911,1816,0.0,1027,0.9094449853943525,20,1.0,48,0.8125,0.14510307857382174,0.03469598076262453
C1,C1.491,73,71,2911,2181,0.0,661,0.8169440242057489,27,0.37037037037037035,42,0.5,0.10920694209917699,0.05290278254895225
C1,C1.492,124,122,2911,2283,0.0,476,0.8298319327731093,49,0.7346938775510204,103,0.42718446601941745,0.08974438393656622,0.03675712813466163
C1,C1.493,119,117,2911,2322,0.0,487,0.8193018480492813,38,0.6842105263157895,64,0.5625,0.08779841861257183,0.03813122638268636
C1,C1.494,53,51,2911,1994,0.0,841,0.8799048751486326,24,0.875,52,0.0,0.1142791709607237,0.03332188251459979
C1,C1.495,184,182,2911,2268,0.0,586,0.9146757679180887,14,0.9285714285714286,43,0.5116279069767442,0.07289138206348787,0.020611473720371008
C1,C1.496,188,186,2911,2119,0.0,704,0.8806818181818182,35,0.8857142857142857,53,0.7547169811320755,0.10020759226220159,0.03400893163861216
C1,C1.497,161,159,2911,1931,0.0,886,0.8363431151241535,40,0.925,54,0.6296296296296297,0.1397712860997863,0.03984884919271728
C1,C1.498,94,92,2911,1942,0.0,861,0.8734030197444832,16,0.8125,92,0.7608695652173914,0.1301584693740385,0.03710065269666781
C1,C1.499,133,131,2911,2497,0.0,333,0.8318318318318318,26,0.5,55,0.21818181818181817,0.07806136764732877,0.03503950532463071
C1,C1.500,141,139,2911,1889,0.0,940,0.9308510638297872,28,0.9642857142857143,54,0.8888888888888888,0.13014885240553692,0.02404671934043284
C2,C2.1,180,178,2911,2102,0.0,656,0.7012195121951219,68,0.47058823529411764,85,0.6352941176470588,0.1655170816623501,0.09034695980762625
C2,C2.2,185,183,2911,2023,0.0,847,0.7284533648170012,9,0.3333333333333333,32,0.71875,0.16617015165764681,0.08416351769151495
C2,C2.3,176,174,2911,2417,0.0,431,0.6960556844547564,25,0.44,38,0.5,0.09785316891537055,0.05565097904500172
C2,C2.4,181,179,2911,2061,0.0,777,0.8494208494208494,26,0.8076923076923077,47,0.7872340425531915,0.1366133851754758,0.044314668498797664
C2,C2.5,186,184,2911,2033,0.0,800,0.78,23,0.5652173913043478,55,0.5636363636363636,0.15622712947888817,0.06355204397114393
C2,C2.6,134,132,2911,2178,0.0,657,0.7975646879756468,30,0.9666666666666667,46,0.8478260869565217,0.1252459323568908,0.04706286499484713
C2,C2.7,156,154,2911,2240,0.0,601,0.7803660565723793,24,0.625,46,0.717391304347826,0.11629867899191156,0.05152868430092752
C2,C2.8,168,166,2911,1953,0.0,867,0.8189158016147635,32,0.59375,59,0.6779661016949152,0.1567134218771341,0.06458261765716249
C2,C2.9,147,145,2911,2128,0.0,681,0.6989720998531571,59,0.3559322033898305,43,0.5116279069767442,0.15508120209905354,0.09069048436963242
C2,C2.10,174,172,2911,2154,0.0,698,0.7449856733524355,24,0.6666666666666666,35,0.6571428571428571,0.12915125466354566,0.06801786327722432
C2,C2.11,163,161,2911,2015,0.0,743,0.8048452220726783,58,0.9482758620689655,95,0.6947368421052632,0.14425471172741647,0.059429749227069735
C2,C2.12,177,175,2911,2105,0.0,755,0.8529801324503311,17,0.29411764705882354,34,0.8235294117647058,0.1166609412572999,0.044314668498797664
C2,C2.13,172,170,2911,2311,0.0,524,0.7881679389312977,40,0.325,36,0.4722222222222222,0.1110392628367046,0.05221573342493988
C2,C2.14,170,168,2911,2091,0.0,750,0.7466666666666667,18,0.3333333333333333,52,0.23076923076923078,0.11516251983445387,0.07351425626932326
C2,C2.15,171,169,2911,2185,0.0,622,0.7958199356913184,67,0.746268656716418,37,0.7567567567567568,0.12555721106840204,0.05221573342493988
C2,C2.16,134,132,2911,1979,0.0,829,0.8866103739445115,59,0.9322033898305084,44,0.8181818181818182,0.1454123856219356,0.03538302988663689
C2,C2.17,156,154,2911,1641,0.0,1181,0.8958509737510584,44,0.6590909090909091,45,0.6888888888888889,0.13429802763365112,0.04671934043284095
C2,C2.18,173,171,2911,2034,0.0,837,0.8136200716845878,14,0.7857142857142857,26,0.7307692307692307,0.1388662885887569,0.056338028169014086
C2,C2.19,172,170,2911,1994,0.0,873,0.7892325315005727,18,0.8888888888888888,26,0.7692307692307693,0.15641481601228605,0.06526966678117485
C2,C2.20,175,173,2911,1621,0.0,1189,0.9024390243902439,40,0.7,61,0.5081967213114754,0.14070210066262512,0.047406389556853314
C2,C2.21,150,148,2911,1667,0.0,1108,0.8583032490974729,53,0.9056603773584906,83,0.6385542168674698,0.20275840938843342,0.06389556853315012
C2,C2.22,165,163,2911,2302,0.0,534,0.7359550561797753,25,0.64,50,0.5,0.11334413784818743,0.05874270010305737
C2,C2.23,186,184,2911,1839,0.0,970,0.9020618556701031,29,0.3448275862068966,73,0.5753424657534246,0.11588166325631413,0.037444177258673994
C2,C2.24,177,175,2911,2057,0.0,758,0.8588390501319261,52,0.8269230769230769,44,0.7045454545454546,0.13039014575256416,0.04225352112676056
C2,C2.25,175,173,2911,2102,0.0,760,0.8578947368421053,9,0.8888888888888888,40,0.55,0.12413349404193383,0.04225352112676056
C2,C2.26,173,171,2911,1947,0.0,865,0.8161849710982659,58,0.8448275862068966,41,0.5121951219512195,0.14986309240408935,0.06423909309515631
C2,C2.27,167,165,2911,2028,0.0,779,0.8498074454428755,59,0.6949152542372882,45,0.7777777777777778,0.1435703652811176,0.04912401236688423
C2,C2.28,167,165,2911,2078,0.0,733,0.8703956343792633,16,0.8125,84,0.6190476190476191,0.13588374296034894,0.042597045688766745
C2,C2.29,167,165,2911,2015,0.0,743,0.7725437415881561,58,0.6896551724137931,95,0.6526315789473685,0.1446800537147497,0.05977327378907592
C2,C2.30,174,172,2911,2030,0.0,794,0.7493702770780857,24,0.375,63,0.4126984126984127,0.12789898780088357,0.05152868430092752
C2,C2.31,175,173,2911,2041,0.0,793,0.8663303909205549,22,0.6818181818181818,55,0.6545454545454545,0.12579750319199845,0.03400893163861216
C2,C2.32,186,184,2911,2025,0.0,765,0.8509803921568627,29,0.6551724137931034,92,0.5978260869565217,0.15284042537302286,0.032634833390587425
C2,C2.33,189,187,2911,2096,0.0,740,0.8932432432432432,37,0.918918918918919,38,0.7894736842105263,0.10571555064048042,0.03023016145654414
C2,C2.34,189,187,2911,2156,0.0,692,0.8338150289017341,20,0.8,43,0.8372093023255814,0.11721719386358584,0.042597045688766745
C2,C2.35,187,185,2911,1897,0.0,858,0.7587412587412588,90,0.6,66,0.3939393939393939,0.1383326988960792,0.06286499484713157
C2,C2.36,154,152,2911,1847,0.0,913,0.8072289156626506,67,0.6417910447761194,84,0.5476190476190477,0.1345011661754868,0.07110958433527997
C2,C2.37,171,169,2911,2250,0.0,590,0.7983050847457627,15,0.6666666666666666,56,0.7142857142857143,0.10519575818310062,0.042597045688766745
C2,C2.38,173,171,2911,1880,0.0,925,0.7264864864864865,50,0.78,56,0.48214285714285715,0.1862907583857158,0.09824802473376847
C2,C2.39,172,170,2911,2332,0.0,536,0.7201492537313433,4,0.0,39,0.4358974358974359,0.09905631782084184,0.05839917554105119
C2,C2.40,174,172,2911,2035,0.0,798,0.8546365914786967,33,0.9090909090909091,45,0.7111111111111111,0.1445499428790554,0.04294057025077293
C2,C2.41,172,170,2911,2335,0.0,520,0.8134615384615385,25,0.68,31,0.5483870967741935,0.09515024147755977,0.03847475094469255
C2,C2.42,170,168,2911,2073,0.0,772,0.8808290155440415,11,0.9090909090909091,55,0.7636363636363637,0.11654684202777642,0.03503950532463071
C2,C2.43,154,152,2911,2048,0.0,791,0.8407079646017699,22,0.7727272727272727,50,0.68,0.13635213075629643,0.04878048780487805
C2,C2.44,172,170,2911,2357,0.0,504,0.8432539682539683,12,0.8333333333333334,38,0.6052631578947368,0.08434740436882414,0.032634833390587425
C2,C2.45,172,170,2911,2063,0.0,770,0.8246753246753247,42,0.5952380952380952,36,0.6388888888888888,0.13629235960959443,0.056338028169014086
C2,C2.46,172,170,2911,2105,0.0,743,0.8263795423956931,23,0.7391304347826086,40,0.7,0.12488532341827147,0.0415664720027482
C2,C2.47,170,168,2911,2110,0.0,734,0.8760217983651226,17,0.9411764705882353,50,0.7,0.12494888027351099,0.03641360357265545
C2,C2.48,174,172,2911,1934,0.0,586,0.5870307167235495,11,0.8181818181818182,380,0.5263157894736842,0.23202288033361826,0.14531088972861558
C2,C2.49,125,123,2911,2201,0.0,656,0.7362804878048781,12,0.8333333333333334,42,0.7142857142857143,0.12441733486383301,0.06389556853315012
C2,C2.50,174,172,2911,2095,0.0,743,0.765814266487214,43,0.7209302325581395,30,0.6,0.13491927172792856,0.06595671590518722
C2,C2.51,160,158,2911,2042,0.0,823,0.8857837181044957,9,0.3333333333333333,37,0.6216216216216216,0.09714570224682458,0.03503950532463071
C2,C2.52,143,141,2911,2139,0.0,700,0.8042857142857143,34,0.6176470588235294,38,0.7631578947368421,0.14595164830881152,0.05152868430092752
C2,C2.53,166,164,2911,2146,0.0,727,0.7042640990371389,13,0.46153846153846156,25,0.8,0.14572353813541572,0.07660597732737891
C2,C2.54,186,184,2911,2089,0.0,762,0.7887139107611548,18,0.8333333333333334,42,0.7142857142857143,0.13262848565411559,0.05977327378907592
C2,C2.55,188,186,2911,2091,0.0,780,0.8038461538461539,21,0.19047619047619047,19,0.7368421052631579,0.10833028593802521,0.054276880796976984
C2,C2.56,184,182,2911,2300,0.0,561,0.803921568627451,22,0.5909090909090909,28,0.5357142857142857,0.098151762356503,0.04534524218481621
C2,C2.57,186,184,2911,1894,0.0,983,0.9084435401831129,10,0.8,24,0.7916666666666666,0.1439741311068959,0.032634833390587425
C2,C2.58,177,175,2911,2532,0.0,314,0.6624203821656051,34,0.35294117647058826,31,0.3548387096774194,0.08554939392452275,0.05049811061490896
C2,C2.59,158,156,2911,1997,0.0,830,0.8349397590361446,21,0.9523809523809523,63,0.6984126984126984,0.1392419557998397,0.05358983167296462
C2,C2.60,175,173,2911,2222,0.0,639,0.8544600938967136,20,0.7,30,0.8,0.10430636830995844,0.03503950532463071
C2,C2.61,176,174,2911,2188,0.0,681,0.9060205580029369,19,0.7894736842105263,23,0.7391304347826086,0.10808585744915244,0.024733768464445208
C2,C2.62,179,177,2911,1994,0.0,811,0.8224414303329223,34,0.8235294117647058,72,0.6666666666666666,0.14859669246012105,0.05839917554105119
C2,C2.63,188,186,2911,1991,0.0,866,0.8106235565819861,30,0.6666666666666666,24,0.75,0.14398665794926918,0.06183442116111302
C2,C2.64,186,184,2911,2532,0.0,360,0.7361111111111112,5,0.8,14,0.35714285714285715,0.07239033351754216,0.035726554448643075
C2,C2.65,167,165,2911,2108,0.0,751,0.9134487350199734,30,0.8666666666666667,22,0.8181818181818182,0.1044293848828373,0.02404671934043284
C2,C2.66,175,173,2911,2060,0.0,779,0.8716302952503209,43,0.8837209302325582,29,0.6551724137931034,0.14369850854740737,0.03881827550669873
C2,C2.67,186,184,2911,2208,0.0,470,0.7212765957446808,29,0.8620689655172413,204,0.45588235294117646,0.14796387017758728,0.0827894194434902
C2,C2.68,163,161,2911,2456,0.0,419,0.7088305489260143,5,0.6,31,0.45161290322580644,0.0907971690162182,0.047749914118859496
C2,C2.69,178,176,2911,2034,0.0,801,0.8401997503121099,35,0.6857142857142857,41,0.6829268292682927,0.14078456325536368,0.05221573342493988
C2,C2.70,174,172,2911,1979,0.0,798,0.8709273182957393,65,0.6461538461538462,69,0.6086956521739131,0.10549599354493382,0.04397114393679148
C2,C2.71,182,180,2911,1661,0.0,1174,0.8091993185689949,10,0.6,66,0.5303030303030303,0.17193786022367266,0.08553761593953968
C2,C2.72,182,180,2911,1659,0.0,1164,0.8006872852233677,38,0.8157894736842105,50,0.52,0.14309706477346465,0.08519409137753349
C2,C2.73,181,179,2911,1592,0.0,1208,0.8013245033112583,34,0.47058823529411764,77,0.5324675324675324,0.16333921227323062,0.08038474750944692
C2,C2.74,181,179,2911,1822,0.0,995,0.8522613065326633,18,0.5,76,0.631578947368421,0.13327793440024258,0.0539333562349708
C2,C2.75,182,180,2911,1670,0.0,1148,0.8928571428571429,22,0.45454545454545453,71,0.6056338028169014,0.14395778464826903,0.04534524218481621
C2,C2.76,167,165,2911,2339,0.0,530,0.779245283018868,16,0.8125,26,0.6538461538461539,0.10236199160967283,0.0436276193747853
C2,C2.77,182,180,2911,2183,0.0,682,0.7785923753665689,16,0.75,30,0.5666666666666667,0.1325088743845185,0.0559945036070079
C2,C2.78,186,184,2911,2195,0.0,647,0.8299845440494591,23,0.6956521739130435,46,0.5434782608695652,0.11204314967215809,0.046032291308828584
C2,C2.79,182,180,2911,2214,0.0,655,0.7755725190839695,15,0.3333333333333333,27,0.6666666666666666,0.0980953471506546,0.056338028169014086
C2,C2.80,181,179,2911,1994,0.0,859,0.8090803259604191,14,0.7857142857142857,44,0.75,0.1583379552420121,0.058055650979045005
C2,C2.81,188,186,2911,1803,0.0,837,0.8817204301075269,49,0.6938775510204082,222,0.7297297297297297,0.16820698647695245,0.058055650979045005
C2,C2.82,136,134,2911,2095,0.0,757,0.8269484808454426,10,0.7,49,0.3877551020408163,0.10493393561221717,0.04500171762281003
C2,C2.83,180,178,2911,2413,0.0,421,0.7767220902612827,53,0.8301886792452831,24,0.375,0.07633578946962123,0.03641360357265545
C2,C2.84,182,180,2911,2231,0.0,427,0.6768149882903981,3,0.0,250,0.532,0.13168632390549256,0.08759876331157677
C2,C2.85,180,178,2911,1917,0.0,902,0.8104212860310421,37,0.5405405405405406,55,0.7454545454545455,0.14386538468961205,0.06870491240123669
C2,C2.86,92,90,2911,1599,0.0,1230,0.8097560975609757,16,0.1875,66,0.45454545454545453,0.17264399404557426,0.08759876331157677
C2,C2.87,93,91,2911,2147,0.0,669,0.7832585949177877,50,0.48,45,0.35555555555555557,0.0883348873730186,0.04019237375472346
C2,C2.88,93,91,2911,1613,0.0,1142,0.7110332749562172,87,0.7586206896551724,69,0.5942028985507246,0.16417076568227376,0.0996221229817932
C2,C2.89,93,91,2911,1765,0.0,1001,0.8631368631368631,15,0.2,130,0.6076923076923076,0.13076960826874945,0.054620405358983166
C2,C2.90,93,91,2911,1628,0.0,1105,0.8389140271493213,86,0.8023255813953488,92,0.5434782608695652,0.13039588374524821,0.051185159738921335
C2,C2.91,182,180,2911,1924,0.0,850,0.84,13,0.23076923076923078,124,0.6370967741935484,0.11263025306309402,0.04328409481277912
C2,C2.92,182,180,2911,1595,0.0,1200,0.7991666666666667,40,0.65,76,0.5131578947368421,0.15635902133669224,0.07660597732737891
C2,C2.93,180,178,2911,2290,0.0,572,0.8146853146853147,21,0.7619047619047619,28,0.5714285714285714,0.09424538461241552,0.035726554448643075
C2,C2.94,175,173,2911,2108,0.0,734,0.8542234332425068,27,0.5925925925925926,42,0.8095238095238095,0.11967164611807317,0.04328409481277912
C2,C2.95,185,183,2911,2050,0.0,754,0.8687002652519894,22,0.8636363636363636,85,0.7411764705882353,0.12383028009453495,0.0415664720027482
C2,C2.96,187,185,2911,2111,0.0,765,0.8431372549019608,5,0.6,30,0.6333333333333333,0.10124318753655752,0.04534524218481621
C2,C2.97,180,178,2911,2272,0.0,579,0.8601036269430051,10,0.8,50,0.7,0.08229150181990821,0.032634833390587425
C2,C2.98,187,185,2911,2396,0.0,477,0.7840670859538784,12,0.6666666666666666,26,0.6153846153846154,0.07541385425274123,0.03916180006870491
C2,C2.99,187,185,2911,1930,0.0,722,0.8310249307479224,3,0.0,256,0.73828125,0.1497488556918306,0.06595671590518722
C2,C2.100,185,183,2911,2316,0.0,562,0.8629893238434164,13,0.5384615384615384,20,0.85,0.06740026993897277,0.028856063208519408
C2,C2.101,182,180,2911,1822,0.0,817,0.8298653610771114,18,0.7777777777777778,254,0.047244094488188976,0.14091377533493646,0.06767433871521814
C2,C2.102,182,180,2911,1766,0.0,866,0.851039260969977,19,0.8947368421052632,260,0.8423076923076923,0.17102752013435626,0.05874270010305737
C2,C2.103,171,169,2911,2015,0.0,817,0.8580171358629131,40,0.975,39,0.6410256410256411,0.11175728058639033,0.04465819306080385
C2,C2.104,185,183,2911,1930,0.0,722,0.8296398891966759,3,0.0,256,0.734375,0.15376009220724857,0.06664376502919958
C2,C2.105,182,180,2911,2052,0.0,590,0.8542372881355932,7,0.7142857142857143,262,0.6870229007633588,0.12257719760296194,0.05668155273102027
C2,C2.106,182,180,2911,2069,0.0,775,0.84,15,0.8,52,0.6538461538461539,0.12679109889690446,0.047749914118859496
C2,C2.107,182,180,2911,2031,0.0,802,0.8291770573566085,38,0.9210526315789473,40,0.875,0.13910072903545936,0.04912401236688423
C2,C2.108,183,181,2911,2050,0.0,754,0.8209549071618037,22,0.8636363636363636,85,0.6941176470588235,0.11420009072085119,0.05565097904500172
C2,C2.109,181,179,2911,2062,0.0,800,0.87375,6,0.3333333333333333,43,0.7441860465116279,0.11030592877334863,0.037787701820680177
C2,C2.110,183,181,2911,2207,0.0,671,0.8524590163934426,10,0.7,23,0.6521739130434783,0.0816051137711595,0.036070079010649264
C2,C2.111,186,184,2911,1996,0.0,855,0.8842105263157894,34,0.6764705882352942,26,0.6923076923076923,0.0861611876988335,0.027138440398488492
C2,C2.112,187,185,2911,2317,0.0,548,0.8284671532846716,5,0.2,41,0.1951219512195122,0.06554820020982852,0.03847475094469255
C2,C2.113,182,180,2911,2158,0.0,690,0.836231884057971,12,0.6666666666666666,51,0.7450980392156863,0.09427268216344135,0.044314668498797664
C2,C2.114,108,106,2911,2055,0.0,785,0.8343949044585988,25,0.32,46,0.45652173913043476,0.11771549684670378,0.0518722088629337
C2,C2.115,181,179,2911,2191,0.0,673,0.21545319465081725,9,0.1111111111111111,38,0.21052631578947367,0.08126754805985388,0.03675712813466163
C2,C2.116,187,185,2911,2433,0.0,450,0.8111111111111111,4,0.5,24,0.5,0.07274179022719043,0.03194778426657506
C2,C2.117,186,184,2911,2026,0.0,794,0.827455919395466,15,0.8,76,0.7763157894736842,0.1295909070542022,0.05358983167296462
C2,C2.118,177,175,2911,2178,0.0,675,0.7807407407407407,33,0.9393939393939394,25,0.72,0.10338911517887815,0.0539333562349708
C2,C2.119,185,183,2911,2028,0.0,818,0.8691931540342298,13,0.6153846153846154,52,0.5384615384615384,0.11907725172841661,0.03469598076262453
C2,C2.120,184,182,2911,2330,0.0,519,0.8111753371868978,11,0.5454545454545454,51,0.3333333333333333,0.08359538091588933,0.04397114393679148
C2,C2.121,185,183,2911,2258,0.0,584,0.8236301369863014,17,0.7647058823529411,52,0.7884615384615384,0.08245715798187767,0.04053589831672964
C2,C2.122,163,161,2911,2449,0.0,386,0.6295336787564767,24,0.3333333333333333,52,0.4423076923076923,0.1009236756701396,0.06320851940913776
C2,C2.123,183,181,2911,1855,0.0,974,0.8655030800821355,40,0.6,42,0.6190476190476191,0.13234426095719987,0.04809343868086568
C2,C2.124,163,161,2911,1638,0.0,1185,0.8556962025316456,39,0.7692307692307693,49,0.5510204081632653,0.12427054372896978,0.0518722088629337
C2,C2.125,137,135,2911,1706,0.0,1109,0.8791704238052299,26,0.8076923076923077,70,0.6571428571428571,0.1320584755143326,0.0415664720027482
C2,C2.126,181,179,2911,2223,0.0,597,0.8291457286432161,36,0.5277777777777778,55,0.6363636363636364,0.10639665764035089,0.04706286499484713
C2,C2.127,155,153,2911,2052,0.0,590,0.8542372881355932,7,0.8571428571428571,262,0.6984732824427481,0.1277058172404425,0.054276880796976984
C2,C2.128,158,156,2911,2214,0.0,655,0.8015267175572519,15,0.3333333333333333,27,0.6666666666666666,0.0992565776145302,0.0498110614908966
C2,C2.129,160,158,2911,2119,0.0,648,0.7947530864197531,95,0.4105263157894737,49,0.5714285714285714,0.12979358087394388,0.06183442116111302
C2,C2.130,179,177,2911,2294,0.0,578,0.8269896193771626,14,0.7857142857142857,25,0.72,0.08829163488579264,0.036070079010649264
C2,C2.131,18,16,2911,1959,0.0,908,0.8788546255506607,13,0.6153846153846154,31,0.6774193548387096,0.12336825833047063,0.035726554448643075
C2,C2.132,181,179,2911,2063,0.0,748,0.09491978609625669,16,0.0625,84,0.047619047619047616,0.188969215209502,0.11920302301614566
C2,C2.133,179,177,2911,2191,0.0,673,0.6998514115898959,22,0.45454545454545453,25,0.72,0.13666455117642606,0.07351425626932326
C2,C2.134,170,168,2911,2343,0.0,525,0.8171428571428572,18,0.8888888888888888,25,0.68,0.10295921872699612,0.03400893163861216
C2,C2.135,188,186,2911,2001,0.0,855,0.8304093567251462,11,0.7272727272727273,44,0.7272727272727273,0.15110278772028973,0.054276880796976984
C2,C2.136,175,173,2911,1635,0.0,1127,0.7062999112688554,89,0.651685393258427,60,0.55,0.21974849236402483,0.13191343181037443
C2,C2.137,147,145,2911,1948,0.0,900,0.8088888888888889,35,0.22857142857142856,28,0.35714285714285715,0.13295822030585533,0.06458261765716249
C2,C2.138,155,153,2911,1959,0.0,867,0.8096885813148789,40,0.65,45,0.5333333333333333,0.1496038241244053,0.06767433871521814
C2,C2.139,182,180,2911,2252,0.0,572,0.5367132867132867,55,0.5636363636363636,32,0.28125,0.15330737814420398,0.09481277911370663
C2,C2.140,186,184,2911,2014,0.0,810,0.6530864197530865,31,0.8709677419354839,56,0.7142857142857143,0.1696059175839768,0.07145310889728615
C2,C2.141,186,184,2911,1843,0.0,967,0.7425025853154085,28,0.7857142857142857,73,0.6027397260273972,0.1983630307827879,0.09653040192373755
C2,C2.142,186,184,2911,2486,0.0,399,0.8070175438596491,11,0.36363636363636365,15,0.5333333333333333,0.059521231311517035,0.03091721058055651
C2,C2.143,182,180,2911,2142,0.0,686,0.5947521865889213,32,0.3125,51,0.5686274509803921,0.17209053780678651,0.11027138440398489
C2,C2.144,182,180,2911,2106,0.0,682,0.7917888563049853,72,0.7083333333333334,51,0.6862745098039216,0.16473529524027636,0.05874270010305737
C2,C2.145,186,184,2911,1766,0.0,1066,0.874296435272045,10,0.6,69,0.6521739130434783,0.1556857048974654,0.0518722088629337
C2,C2.146,182,180,2911,2125,0.0,668,0.6631736526946108,64,0.65625,54,0.35185185185185186,0.1639852666132295,0.0872552387495706
C2,C2.147,171,169,2911,1953,0.0,867,0.8408304498269896,32,0.78125,59,0.711864406779661,0.15584428783699456,0.05496392992098935
C2,C2.148,182,180,2911,1967,0.0,883,0.6024915062287656,17,0.35294117647058826,44,0.4090909090909091,0.1695847169739303,0.08794228787358296
C2,C2.149,182,180,2911,2137,0.0,692,0.6401734104046243,52,0.5384615384615384,30,0.36666666666666664,0.14796175426542998,0.07591892820336654
C2,C2.150,182,180,2911,2061,0.0,617,0.5996758508914101,40,0.725,193,0.5440414507772021,0.19644452078323602,0.11782892476812092
C2,C2.151,137,135,2911,1953,0.0,853,0.694021101992966,14,0.7857142857142857,91,0.45054945054945056,0.18600964413400004,0.10202679491583648
C2,C2.152,178,176,2911,2105,0.0,755,0.83841059602649,17,0.29411764705882354,34,0.7352941176470589,0.1297937291152681,0.04843696324287187
C2,C2.153,187,185,2911,1878,0.0,875,0.68,51,0.7647058823529411,107,0.5794392523364486,0.20050321706110094,0.0728272071453109
C2,C2.154,182,180,2911,1811,0.0,990,0.7464646464646465,70,0.6571428571428571,40,0.725,0.21687278140387037,0.0975609756097561
C2,C2.155,179,177,2911,2187,0.0,635,0.8850393700787401,58,0.5517241379310345,31,0.5483870967741935,0.11812392891176465,0.036070079010649264
C2,C2.156,187,185,2911,1803,0.0,1014,0.8875739644970414,59,0.864406779661017,35,0.6,0.13377032133473218,0.04465819306080385
C2,C2.157,181,179,2911,2101,0.0,745,0.7959731543624161,23,0.8260869565217391,42,0.6666666666666666,0.1417700918688312,0.05736860185503263
C2,C2.158,185,183,2911,1712,0.0,1105,0.783710407239819,66,0.5606060606060606,28,0.42857142857142855,0.20814021809116728,0.08828581243558914
C2,C2.159,168,166,2911,2304,0.0,554,0.8104693140794224,18,0.6666666666666666,35,0.42857142857142855,0.08809128647879046,0.04087942287873583
C2,C2.160,180,178,2911,1553,0.0,1262,0.8858954041204438,52,0.7884615384615384,44,0.6363636363636364,0.1757379023386689,0.05702507729302645
C2,C2.161,160,158,2911,2007,0.0,752,0.726063829787234,45,0.9111111111111111,107,0.6822429906542056,0.17365384030021438,0.06870491240123669
C2,C2.162,181,179,2911,1794,0.0,1011,0.6538081107814046,65,0.5076923076923077,41,0.5609756097560976,0.2365329735601235,0.13156990724836826
C2,C2.163,185,183,2911,1891,0.0,882,0.7709750566893424,87,0.7471264367816092,51,0.6470588235294118,0.1900591875925686,0.0831329440054964
C2,C2.164,141,139,2911,1875,0.0,880,0.7272727272727273,59,0.7966101694915254,97,0.6597938144329897,0.2110278798603165,0.09721745104774991
C2,C2.165,192,190,2911,2030,0.0,796,0.635678391959799,29,0.7931034482758621,56,0.6071428571428571,0.19625919832215372,0.10443146684987976
C2,C2.166,181,179,2911,1859,0.0,1007,0.8162859980139027,18,0.6111111111111112,27,0.5925925925925926,0.1831791950778112,0.06904843696324287
C2,C2.167,172,170,2911,1875,0.0,880,0.7443181818181818,59,0.6101694915254238,97,0.5567010309278351,0.17100046476852507,0.06904843696324287
C2,C2.168,169,167,2911,1820,0.0,957,0.8307210031347962,58,0.7931034482758621,76,0.6973684210526315,0.1869884415298568,0.056338028169014086
C2,C2.169,177,175,2911,2201,0.0,689,0.6095791001451378,4,1.0,17,0.5294117647058824,0.14113166805712324,0.09481277911370663
C2,C2.170,179,177,2911,1895,0.0,933,0.6816720257234726,22,0.09090909090909091,61,0.36065573770491804,0.20516179618707145,0.12126417038818275
C2,C2.171,182,180,2911,2095,0.0,685,0.7503649635036497,57,0.7368421052631579,74,0.5945945945945946,0.1509771365319287,0.07214015802129853
C2,C2.172,186,184,2911,2126,0.0,710,0.7647887323943662,50,0.68,25,0.84,0.15624766627335593,0.06252147028512539
C2,C2.173,182,180,2911,1993,0.0,866,0.7401847575057737,21,0.09523809523809523,31,0.12903225806451613,0.15167372800488568,0.078667124699416
C2,C2.174,188,186,2911,2453,0.0,428,0.7710280373831776,7,0.7142857142857143,23,0.4782608695652174,0.08599010797013922,0.03847475094469255
C2,C2.175,182,180,2911,2202,0.0,597,0.6901172529313233,47,0.9148936170212766,65,0.5538461538461539,0.14608763693270735,0.06664376502919958
C2,C2.176,169,167,2911,1893,0.0,914,0.8019693654266958,55,0.41818181818181815,49,0.24489795918367346,0.14406432754552728,0.05358983167296462
C2,C2.177,177,175,2911,2017,0.0,816,0.7046568627450981,33,0.2727272727272727,45,0.4,0.15041075722628452,0.08072827207145311
C2,C2.178,181,179,2911,1965,0.0,792,0.7159090909090909,79,0.8607594936708861,75,0.6666666666666666,0.18423087921177425,0.08862933699759533
C2,C2.179,181,179,2911,2262,0.0,589,0.8081494057724957,19,0.631578947368421,41,0.7073170731707317,0.11766579857945876,0.044314668498797664
C2,C2.180,180,178,2911,2042,0.0,764,0.8141361256544503,56,0.7142857142857143,49,0.5918367346938775,0.12670266598219077,0.05290278254895225
C2,C2.181,186,184,2911,2318,0.0,531,0.7928436911487758,26,0.6538461538461539,36,0.5833333333333334,0.08899526533538453,0.04534524218481621
C2,C2.182,176,174,2911,2376,0.0,494,0.4493927125506073,12,0.4166666666666667,29,0.27586206896551724,0.1398243681319766,0.10305736860185503
C2,C2.183,185,183,2911,2004,0.0,623,0.7415730337078652,55,0.21818181818181817,229,0.4978165938864629,0.16165177121639607,0.08828581243558914
C2,C2.184,184,182,2911,2371,0.0,487,0.7351129363449692,33,0.5151515151515151,20,0.45,0.0968588265049962,0.05324630711095844
C2,C2.185,175,173,2911,2484,0.0,395,0.5949367088607594,3,0.0,29,0.27586206896551724,0.08583546960601902,0.06149089659910684
C2,C2.186,176,174,2911,2227,0.0,656,0.8673780487804879,9,0.5555555555555556,19,0.8947368421052632,0.105333712394919,0.023016145654414292
C2,C2.187,174,172,2911,1673,0.0,1115,0.7874439461883408,68,0.5,55,0.5454545454545454,0.14115863644715712,0.0415664720027482
C2,C2.188,186,184,2911,2291,0.0,557,0.6822262118491921,42,0.2857142857142857,21,0.2857142857142857,0.10824570967693756,0.06870491240123669
C2,C2.189,168,166,2911,2494,0.0,358,0.6396648044692738,13,0.0,46,0.34782608695652173,0.09049595841283374,0.05908622466506355
C2,C2.190,174,172,2911,1559,0.0,1224,0.8611111111111112,56,0.7857142857142857,72,0.5694444444444444,0.1488559833190864,0.06320851940913776
C2,C2.191,177,175,2911,2047,0.0,808,0.8849009900990099,22,0.8636363636363636,34,0.7352941176470589,0.13500907886342445,0.035726554448643075
C2,C2.192,176,174,2911,2055,0.0,797,0.8971141781681304,27,0.6296296296296297,32,0.75,0.13259455809711085,0.03400893163861216
C2,C2.193,176,174,2911,2030,0.0,798,0.9110275689223057,32,0.96875,51,0.8431372549019608,0.11845082268209763,0.026451391274476124
C2,C2.194,173,171,2911,2217,0.0,635,0.8724409448818897,14,0.7857142857142857,45,0.5777777777777777,0.12056104993963208,0.03297835795259361
C2,C2.195,156,154,2911,1995,0.0,845,0.7668639053254438,24,0.75,47,0.6808510638297872,0.15458605290278254,0.06252147028512539
C2,C2.196,154,152,2911,2362,0.0,479,0.7473903966597077,24,0.7916666666666666,46,0.5652173913043478,0.10194091377533494,0.047406389556853314
C2,C2.197,210,208,2911,1902,0.0,903,0.8349944629014396,70,0.7857142857142857,36,0.6944444444444444,0.18469730201093992,0.051185159738921335
C2,C2.198,177,175,2911,2340,0.0,502,0.8147410358565738,25,0.48,44,0.4318181818181818,0.07797026058791776,0.03847475094469255
C2,C2.199,91,89,2911,1624,0.0,1176,0.8324829931972789,27,0.6296296296296297,84,0.6190476190476191,0.17188579545235236,0.06733081415321196
C2,C2.200,68,66,2911,1628,0.0,1180,0.8779661016949153,45,0.5555555555555556,58,0.5517241379310345,0.13691015271228257,0.056338028169014086
C2,C2.201,176,174,2911,2448,0.0,410,0.7658536585365854,16,0.5,37,0.6216216216216216,0.08034723620669912,0.03984884919271728
C2,C2.202,186,184,2911,2201,0.0,668,0.812874251497006,11,0.6363636363636364,31,0.8709677419354839,0.10147230146520693,0.04534524218481621
C2,C2.203,190,188,2911,2278,0.0,583,0.8850771869639794,12,0.75,38,0.6842105263157895,0.10041515308770109,0.027481964960494674
C2,C2.204,186,184,2911,2355,0.0,461,0.6377440347071583,57,0.5614035087719298,38,0.39473684210526316,0.12028027123504548,0.07317073170731707
C2,C2.205,177,175,2911,1942,0.0,884,0.8619909502262444,36,0.9166666666666666,49,0.6326530612244898,0.16200029444962458,0.047406389556853314
C2,C2.206,159,157,2911,2060,0.0,785,0.7719745222929937,29,0.8275862068965517,37,0.8108108108108109,0.14097416564010443,0.06492614221916868
C2,C2.207,175,173,2911,2107,0.0,731,0.8276333789329685,18,0.5555555555555556,55,0.6,0.10960816357329087,0.0456887667468224
C2,C2.208,175,173,2911,2032,0.0,808,0.8415841584158416,36,0.8611111111111112,35,0.6285714285714286,0.1355055470281154,0.04878048780487805
C2,C2.209,160,158,2911,2084,0.0,756,0.798941798941799,27,0.8888888888888888,44,0.7727272727272727,0.14426727080606516,0.0559945036070079
C2,C2.210,157,155,2911,2427,0.0,419,0.7517899761336515,14,0.35714285714285715,51,0.27450980392156865,0.0788865371616006,0.03916180006870491
C2,C2.211,175,173,2911,2381,0.0,477,0.7987421383647799,11,0.7272727272727273,42,0.6666666666666666,0.08171913193527441,0.03503950532463071
C2,C2.212,148,146,2911,2132,0.0,745,0.810738255033557,12,0.75,22,0.7272727272727273,0.11024314950847752,0.046032291308828584
C2,C2.213,186,184,2911,2465,0.0,395,0.7291139240506329,36,0.6388888888888888,15,0.3333333333333333,0.0838834704942273,0.04397114393679148
C2,C2.214,185,183,2911,2001,0.0,844,0.8388625592417062,22,0.7272727272727273,44,0.8181818181818182,0.14609742957277183,0.04878048780487805
C2,C2.215,187,185,2911,1562,0.0,1250,0.88,34,0.5588235294117647,65,0.7230769230769231,0.18751613172774287,0.061147372037100654
C2,C2.216,164,162,2911,2180,0.0,664,0.8177710843373494,19,0.6842105263157895,48,0.6666666666666666,0.12543735765996158,0.04671934043284095
C2,C2.217,164,162,2911,2084,0.0,735,0.8503401360544217,33,0.5151515151515151,59,0.6949152542372882,0.1289065316318265,0.04534524218481621
C2,C2.218,174,172,2911,2035,0.0,798,0.8546365914786967,33,0.30303030303030304,45,0.3111111111111111,0.11691419075998817,0.04294057025077293
C2,C2.219,177,175,2911,2357,0.0,504,0.7638888888888888,12,0.75,38,0.3157894736842105,0.08882367374981597,0.047749914118859496
C2,C2.220,178,176,2911,1628,0.0,1180,0.8296610169491525,45,0.6222222222222222,58,0.46551724137931033,0.16532119546547577,0.07763655101339746
C2,C2.221,188,186,2911,2093,0.0,742,0.8450134770889488,25,0.96,51,0.7843137254901961,0.1205531114829549,0.04225352112676056
C2,C2.222,178,176,2911,2042,0.0,810,0.854320987654321,34,0.8529411764705882,25,0.64,0.12523617313637925,0.04500171762281003
C2,C2.223,159,157,2911,2060,0.0,785,0.7719745222929937,29,0.8275862068965517,37,0.8108108108108109,0.14097416564010443,0.06492614221916868
C2,C2.224,177,175,2911,1942,0.0,884,0.8619909502262444,36,0.9166666666666666,49,0.6326530612244898,0.16200029444962458,0.047406389556853314
C2,C2.225,172,170,2911,2105,0.0,743,0.8263795423956931,23,0.7391304347826086,40,0.7,0.12488532341827147,0.0415664720027482
C2,C2.226,174,172,2911,2383,0.0,464,0.790948275862069,1,0.0,63,0.49206349206349204,0.08428934354852884,0.04465819306080385
C2,C2.227,172,170,2911,2063,0.0,770,0.8246753246753247,42,0.5952380952380952,36,0.6388888888888888,0.13629235960959443,0.056338028169014086
C2,C2.228,174,172,2911,1988,0.0,853,0.8733880422039859,25,0.68,45,0.8444444444444444,0.141973508664009,0.04225352112676056
C2,C2.229,175,173,2911,2107,0.0,731,0.8276333789329685,18,0.5555555555555556,55,0.6,0.10960816357329087,0.0456887667468224
C2,C2.230,163,161,2911,1970,0.0,882,0.8367346938775511,16,0.8125,43,0.5348837209302325,0.13758265392994232,0.04878048780487805
C2,C2.231,174,172,2911,2275,0.0,584,0.761986301369863,27,0.5185185185185185,25,0.48,0.112426401859826,0.05496392992098935
C2,C2.232,160,158,2911,2042,0.0,823,0.8857837181044957,9,0.3333333333333333,37,0.6216216216216216,0.09714570224682458,0.03503950532463071
C2,C2.233,172,170,2911,2357,0.0,504,0.8432539682539683,12,0.8333333333333334,38,0.6052631578947368,0.08434740436882414,0.032634833390587425
C2,C2.234,185,183,2911,2020,0.0,781,0.8591549295774648,66,0.6212121212121212,44,0.6136363636363636,0.13567343015845304,0.051185159738921335
C2,C2.235,185,183,2911,2026,0.0,811,0.8027127003699137,24,0.8333333333333334,50,0.66,0.14835568120169773,0.054276880796976984
C2,C2.236,184,182,2911,2169,0.0,669,0.8086696562032885,41,0.21951219512195122,32,0.65625,0.09178334547623451,0.04706286499484713
C2,C2.237,186,184,2911,2095,0.0,760,0.8697368421052631,22,0.9545454545454546,34,0.7352941176470589,0.1306345496094275,0.03641360357265545
C2,C2.238,187,185,2911,1793,0.0,1014,0.8431952662721893,22,0.8636363636363636,82,0.7804878048780488,0.1598800449367265,0.05668155273102027
C2,C2.239,186,184,2911,2032,0.0,821,0.8489646772228989,34,0.0,24,0.625,0.09659948023240184,0.04087942287873583
C2,C2.240,173,171,2911,2190,0.0,640,0.853125,39,0.8205128205128205,42,0.5476190476190477,0.11567737619555588,0.037787701820680177
C2,C2.241,183,181,2911,2152,0.0,724,0.8839779005524862,9,0.7777777777777778,26,0.7307692307692307,0.10543357164954421,0.03091721058055651
C2,C2.242,184,182,2911,2156,0.0,616,0.7321428571428571,95,0.6421052631578947,44,0.45454545454545453,0.1255374649397322,0.06389556853315012
C2,C2.243,186,184,2911,2211,0.0,646,0.7089783281733746,35,0.9142857142857143,19,0.47368421052631576,0.10583356981763327,0.06870491240123669
C2,C2.244,185,183,2911,2246,0.0,596,0.7365771812080537,32,0.78125,37,0.7027027027027027,0.11196648101322851,0.046375815870834766
C2,C2.245,185,183,2911,2164,0.0,709,0.6375176304654443,11,0.09090909090909091,27,0.7407407407407407,0.12534516709748025,0.044314668498797664
C2,C2.246,185,183,2911,2094,0.0,766,0.8302872062663186,13,0.8461538461538461,38,0.7894736842105263,0.11232502304242623,0.04809343868086568
C2,C2.247,185,183,2911,2486,0.0,390,0.6333333333333333,13,0.07692307692307693,22,0.3181818181818182,0.09159716395132088,0.058055650979045005
C2,C2.248,188,186,2911,1665,0.0,1149,0.824194952132289,26,0.5,71,0.5633802816901409,0.15557414774511216,0.06801786327722432
C2,C2.249,182,180,2911,2310,0.0,570,0.7894736842105263,7,0.7142857142857143,24,0.5,0.09015992976831176,0.044314668498797664
C2,C2.250,185,183,2911,2475,0.0,357,0.7310924369747899,21,0.23809523809523808,58,0.41379310344827586,0.07318387199110966,0.03984884919271728
C2,C2.251,185,183,2911,2015,0.0,834,0.8177458033573142,13,0.9230769230769231,49,0.7551020408163265,0.13696305515352544,0.0559945036070079
C2,C2.252,173,171,2911,2319,0.0,537,0.7560521415270018,12,0.8333333333333334,43,0.32558139534883723,0.09561634534062168,0.054276880796976984
C2,C2.253,178,176,2911,2366,0.0,487,0.7063655030800822,29,0.5172413793103449,29,0.3793103448275862,0.10041457168733019,0.05152868430092752
C2,C2.254,185,183,2911,2209,0.0,669,0.85949177877429,11,0.7272727272727273,22,0.7727272727272727,0.08683662685160677,0.034352456200618345
C2,C2.255,182,180,2911,2089,0.0,752,0.738031914893617,13,0.3076923076923077,57,0.6491228070175439,0.139110271384404,0.0769495018893851
C2,C2.256,185,183,2911,2346,0.0,482,0.7717842323651453,66,0.7424242424242424,17,0.7058823529411765,0.08532549421545936,0.04500171762281003
C2,C2.257,182,180,2911,2223,0.0,622,0.7186495176848875,46,0.8913043478260869,20,0.75,0.12328714836444139,0.06355204397114393
C2,C2.258,182,180,2911,2075,0.0,812,0.8633004926108374,3,0.0,21,0.8571428571428571,0.15498683155845644,0.039505324630711096
C2,C2.259,182,180,2911,2061,0.0,818,0.7787286063569682,9,0.4444444444444444,23,0.6086956521739131,0.1636226573533341,0.06595671590518722
C2,C2.260,182,180,2911,1988,0.0,856,0.9228971962616822,21,0.9047619047619048,46,0.8260869565217391,0.13781060345814725,0.024733768464445208
C2,C2.261,182,180,2911,1877,0.0,927,0.8478964401294499,21,0.5238095238095238,86,0.5348837209302325,0.13594602847436926,0.05668155273102027
C2,C2.262,182,180,2911,2323,0.0,541,0.8983364140480592,10,0.9,37,0.7297297297297297,0.071506546051376,0.021298522844383373
C2,C2.263,182,180,2911,2211,0.0,630,0.8206349206349206,35,0.9142857142857143,35,0.6285714285714286,0.11024084888736212,0.04328409481277912
C2,C2.264,182,180,2911,2316,0.0,559,0.7817531305903399,4,0.25,32,0.4375,0.09969846177335012,0.046375815870834766
C2,C2.265,182,180,2911,2157,0.0,712,0.8778089887640449,10,0.8,32,0.8125,0.10709569067521661,0.03229130882858124
C2,C2.266,181,179,2911,2146,0.0,723,0.7524204702627939,18,0.7222222222222222,24,0.5833333333333334,0.13179252651760132,0.06595671590518722
C2,C2.267,170,168,2911,2345,0.0,483,0.8198757763975155,41,0.4878048780487805,42,0.42857142857142855,0.09204413472706155,0.037444177258673994
C2,C2.268,183,181,2911,2219,0.0,609,0.7504105090311987,53,0.33962264150943394,30,0.4,0.11035109728577637,0.07007901064926142
C2,C2.269,176,174,2911,2012,0.0,816,0.7977941176470589,38,0.7894736842105263,45,0.7111111111111111,0.14645399732287756,0.04534524218481621
C2,C2.270,182,180,2911,2094,0.0,766,0.8302872062663186,13,0.46153846153846156,38,0.5526315789473685,0.09962593992137105,0.04534524218481621
C2,C2.271,173,171,2911,2287,0.0,371,0.7088948787061995,41,0.12195121951219512,212,0.4858490566037736,0.12155948097657404,0.05530745448299553
C2,C2.272,178,176,2911,2347,0.0,520,0.8692307692307693,19,0.8947368421052632,25,0.4,0.0760048093438681,0.02576434215046376
C2,C2.273,182,180,2911,2056,0.0,784,0.7818877551020408,28,0.35714285714285715,43,0.37209302325581395,0.10593343257376235,0.05530745448299553
C2,C2.274,183,181,2911,2463,0.0,402,0.7238805970149254,7,0.14285714285714285,39,0.3076923076923077,0.06490336711008539,0.04671934043284095
C2,C2.275,181,179,2911,2339,0.0,530,0.7905660377358491,16,0.75,26,0.6153846153846154,0.09855124753151694,0.03675712813466163
C2,C2.276,182,180,2911,2260,0.0,579,0.8808290155440415,20,0.6,52,0.38461538461538464,0.101715714340242,0.02576434215046376
C2,C2.277,184,182,2911,2223,0.0,576,0.8611111111111112,20,0.3,92,0.6413043478260869,0.10397846742745404,0.035726554448643075
C2,C2.278,182,180,2911,2215,0.0,654,0.863914373088685,17,0.8235294117647058,25,0.76,0.09432993625710905,0.03297835795259361
C2,C2.279,179,177,2911,2205,0.0,647,0.7171561051004637,33,0.6060606060606061,26,0.5384615384615384,0.11574254677853535,0.05702507729302645
C2,C2.280,180,178,2911,2349,0.0,531,0.8606403013182674,7,0.8571428571428571,24,0.625,0.0853562040921881,0.02610786671246994
C2,C2.281,168,166,2911,1893,0.0,972,0.8549382716049383,14,0.7142857142857143,32,0.71875,0.14493218494037988,0.046032291308828584
C2,C2.282,181,179,2911,2340,0.0,519,0.7263969171483622,13,0.6153846153846154,39,0.7435897435897436,0.09527528983685463,0.04500171762281003
C2,C2.283,182,180,2911,2200,0.0,671,0.706408345752608,12,0.3333333333333333,28,0.6071428571428571,0.13694034123439827,0.07214015802129853
C2,C2.284,182,180,2911,1928,0.0,916,0.7718340611353712,19,0.7894736842105263,48,0.6458333333333334,0.1585823886407878,0.07626245276537272
C2,C2.285,170,168,2911,2113,0.0,739,0.7483085250338295,36,0.9444444444444444,23,0.782608695652174,0.14343786295005806,0.05702507729302645
C2,C2.286,178,176,2911,2081,0.0,767,0.8891786179921773,20,0.2,43,0.27906976744186046,0.08446605352737266,0.03538302988663689
C2,C2.287,175,173,2911,1959,0.0,895,0.8245810055865922,12,0.9166666666666666,45,0.8,0.1568656262969045,0.05565097904500172
C2,C2.288,179,177,2911,2069,0.0,791,0.8723135271807838,23,0.782608695652174,28,0.8571428571428571,0.10964061896527297,0.032634833390587425
C2,C2.289,179,177,2911,2278,0.0,585,0.8136752136752137,13,0.5384615384615384,35,0.7142857142857143,0.10067210483515673,0.028856063208519408
C2,C2.290,179,177,2911,1740,0.0,1078,0.8181818181818182,23,0.4782608695652174,70,0.5142857142857142,0.14592806945018602,0.06252147028512539
C2,C2.291,158,156,2911,2108,0.0,734,0.7929155313351499,27,0.6296296296296297,42,0.7619047619047619,0.13443921817333016,0.05908622466506355
C2,C2.292,181,179,2911,2035,0.0,821,0.8733252131546894,19,0.9473684210526315,36,0.8055555555555556,0.12418508873105097,0.037787701820680177
C2,C2.293,181,179,2911,1922,0.0,865,0.6751445086705202,17,0.8823529411764706,107,0.5700934579439252,0.19961655750006238,0.11233253177602198
C2,C2.294,177,175,2911,2273,0.0,600,0.87,17,0.8823529411764706,21,0.5238095238095238,0.08596554939392452,0.029199587770525594
C2,C2.295,182,180,2911,2004,0.0,852,0.7699530516431925,14,1.0,41,0.7317073170731707,0.15040459559525174,0.07007901064926142
C2,C2.296,181,179,2911,2430,0.0,432,0.7037037037037037,10,0.8,39,0.7435897435897436,0.09346171044525772,0.047749914118859496
C2,C2.297,182,180,2911,1624,0.0,1115,0.8959641255605382,99,0.7676767676767676,73,0.5616438356164384,0.13510248482766518,0.047406389556853314
C2,C2.298,182,180,2911,1577,0.0,1182,0.9145516074450084,30,0.6666666666666666,122,0.7295081967213115,0.12091301194702088,0.03847475094469255
C2,C2.299,181,179,2911,1736,0.0,1043,0.840843720038351,37,0.6486486486486487,95,0.49473684210526314,0.1460689467229868,0.06801786327722432
C2,C2.300,95,93,2911,1582,0.0,1197,0.8253968253968254,25,0.44,107,0.5420560747663551,0.16391662326436984,0.08416351769151495
C2,C2.301,95,93,2911,1587,0.0,1235,0.8574898785425101,36,0.6111111111111112,53,0.41509433962264153,0.14046460773558211,0.06526966678117485
C2,C2.302,95,93,2911,1577,0.0,1242,0.8526570048309179,22,0.5909090909090909,70,0.4714285714285714,0.14408085016788377,0.06870491240123669
C2,C2.303,159,157,2911,2229,0.0,604,0.7798013245033113,7,0.42857142857142855,71,0.6619718309859155,0.1001231874703245,0.042597045688766745
C2,C2.304,189,187,2911,1544,0.0,1211,0.8984310487200661,66,0.3181818181818182,90,0.6555555555555556,0.13646191745490552,0.04843696324287187
C2,C2.305,153,151,2911,2156,0.0,694,0.8314121037463977,36,0.7222222222222222,25,0.68,0.10992330984777994,0.046032291308828584
C2,C2.306,180,178,2911,2149,0.0,717,0.8172942817294282,17,0.8235294117647058,28,0.7142857142857143,0.10826041477695993,0.04809343868086568
C2,C2.307,180,178,2911,2453,0.0,381,0.7979002624671916,32,0.09375,45,0.5333333333333333,0.06987058001613408,0.03641360357265545
C2,C2.308,177,175,2911,2326,0.0,544,0.7536764705882353,7,0.5714285714285714,34,0.4411764705882353,0.09401187613485792,0.03847475094469255
C2,C2.309,358,356,2911,2056,0.0,784,0.8392857142857143,28,0.9642857142857143,43,0.8372093023255814,0.1276126200888532,0.0456887667468224
C2,C2.310,180,178,2911,2205,0.0,655,0.833587786259542,9,1.0,42,0.8095238095238095,0.11474492336314406,0.039505324630711096
C2,C2.311,165,163,2911,2220,0.0,639,0.812206572769953,30,0.9,22,0.8181818181818182,0.08893281881924496,0.04328409481277912
C2,C2.312,168,166,2911,1987,0.0,851,0.8061104582843713,32,0.71875,41,0.6585365853658537,0.11884087362848854,0.05565097904500172
C2,C2.313,169,167,2911,2073,0.0,640,0.7171875,102,0.7254901960784313,96,0.4479166666666667,0.14638877518065896,0.0621779457231192
C2,C2.314,180,178,2911,2160,0.0,714,0.907563025210084,9,0.4444444444444444,28,0.8571428571428571,0.07741847081392163,0.024733768464445208
C2,C2.315,175,173,2911,1914,0.0,892,0.8856502242152466,50,0.46,55,0.45454545454545453,0.08876634968417584,0.029199587770525594
C2,C2.316,160,158,2911,2020,0.0,794,0.853904282115869,53,0.7358490566037735,44,0.75,0.12281220512329923,0.037444177258673994
C2,C2.317,182,180,2911,2332,0.0,529,0.8827977315689981,18,0.3888888888888889,32,0.53125,0.06719722126798733,0.02782548952250086
C2,C2.318,179,177,2911,1996,0.0,857,0.9194865810968494,15,0.8666666666666667,43,0.813953488372093,0.10610639169175172,0.02610786671246994
C2,C2.319,159,157,2911,2285,0.0,553,0.8571428571428571,45,0.8,28,0.5357142857142857,0.0696238953059666,0.02610786671246994
C2,C2.320,171,169,2911,2434,0.0,410,0.7902439024390244,24,0.5833333333333334,43,0.627906976744186,0.07322764701936543,0.03503950532463071
C2,C2.321,173,171,2911,2239,0.0,579,0.8739205526770294,35,0.5714285714285714,58,0.6551724137931034,0.08757063849363475,0.03675712813466163
C2,C2.322,183,181,2911,2372,0.0,497,0.8450704225352113,12,0.5,30,0.6,0.06461108654351659,0.023703194778426657
C2,C2.323,166,164,2911,2503,0.0,267,0.7340823970037453,99,0.5252525252525253,42,0.4523809523809524,0.07031989677505844,0.023359670216420474
C2,C2.324,169,167,2911,2166,0.0,672,0.8705357142857143,41,0.6585365853658537,32,0.65625,0.09575695740089728,0.036070079010649264
C2,C2.325,187,185,2911,2413,0.0,383,0.825065274151436,47,0.6595744680851063,68,0.6029411764705882,0.07951015254347443,0.03503950532463071
C2,C2.326,186,184,2911,2093,0.0,554,0.9223826714801444,12,0.8333333333333334,252,0.7063492063492064,0.11117687034188162,0.03813122638268636
C2,C2.327,185,183,2911,2113,0.0,698,0.8581661891117478,27,0.8518518518518519,73,0.684931506849315,0.10027725998802357,0.04087942287873583
C2,C2.328,179,177,2911,2090,0.0,514,0.791828793774319,5,0.4,302,0.6059602649006622,0.14135356440697375,0.07660597732737891
C2,C2.329,188,186,2911,2209,0.0,592,0.910472972972973,44,0.9318181818181818,66,0.803030303030303,0.07474244892380773,0.022329096530401923
C2,C2.330,186,184,2911,2030,0.0,773,0.8771021992238034,41,0.6585365853658537,67,0.7313432835820896,0.09311569309814348,0.04225352112676056
C2,C2.331,185,183,2911,2095,0.0,726,0.9035812672176309,15,0.8,75,0.8,0.0849969871206447,0.028512538646513225
C2,C2.332,185,183,2911,1885,0.0,934,0.8404710920770878,40,0.525,52,0.7884615384615384,0.12958197002888985,0.06080384747509447
C2,C2.333,185,183,2911,2078,0.0,789,0.8757921419518377,13,0.7692307692307693,31,0.7741935483870968,0.09466823599198818,0.03641360357265545
C2,C2.334,188,186,2911,2148,0.0,729,0.8079561042524005,10,0.1,24,0.4166666666666667,0.0779375967317147,0.034352456200618345
C2,C2.335,179,177,2911,2229,0.0,630,0.8587301587301587,32,0.75,20,0.6,0.07750263465871708,0.03503950532463071
C2,C2.336,173,171,2911,1996,0.0,835,0.9341317365269461,23,0.9565217391304348,57,0.8771929824561403,0.10471874177600189,0.01992442459635864
C2,C2.337,93,91,2911,1625,0.0,1214,0.8542009884678748,17,0.35294117647058826,55,0.43636363636363634,0.11290633104442792,0.028512538646513225
C2,C2.338,93,91,2911,1839,0.0,983,0.9328585961342828,38,0.6052631578947368,51,0.6666666666666666,0.08529601624757928,0.024733768464445208
C2,C2.339,170,168,2911,2033,0.0,810,0.9419753086419753,19,0.47368421052631576,49,0.2857142857142857,0.0682264317612995,0.018550326348333906
C2,C2.340,161,159,2911,2156,0.0,682,0.841642228739003,24,1.0,49,0.8571428571428571,0.11138405829979107,0.03881827550669873
C2,C2.341,184,182,2911,2202,0.0,616,0.8993506493506493,41,0.6097560975609756,52,0.6730769230769231,0.08686830174291528,0.031260735142562696
C2,C2.342,93,91,2911,1601,0.0,1126,0.8738898756660746,26,0.6923076923076923,158,0.6962025316455697,0.11966357242894515,0.05221573342493988
C2,C2.343,93,91,2911,1643,0.0,1156,0.9186851211072664,49,0.8979591836734694,63,0.7142857142857143,0.12306106809713818,0.024390243902439025
C2,C2.344,164,162,2911,2185,0.0,681,0.9118942731277533,15,0.7333333333333333,30,0.7666666666666667,0.08630736542107205,0.022672621092408106
C2,C2.345,181,179,2911,2032,0.0,813,0.8954489544895449,24,0.5416666666666666,42,0.5476190476190477,0.0737944494874959,0.03297835795259361
C2,C2.346,188,186,2911,2115,0.0,708,0.826271186440678,24,0.4583333333333333,64,0.59375,0.08204696313205749,0.05152868430092752
C2,C2.347,175,173,2911,2247,0.0,629,0.9062003179650239,11,0.7272727272727273,24,0.7083333333333334,0.06872476931233532,0.02198557196839574
C2,C2.348,184,182,2911,2185,0.0,613,0.866231647634584,41,0.6097560975609756,72,0.7361111111111112,0.09323483112559032,0.03847475094469255
C2,C2.349,186,184,2911,1978,0.0,875,0.8925714285714286,16,0.5625,42,0.6190476190476191,0.0852967753498723,0.03160425970456888
C2,C2.350,187,185,2911,2135,0.0,724,0.8839779005524862,11,0.5454545454545454,41,0.8536585365853658,0.08704912401236689,0.031260735142562696
C2,C2.351,186,184,2911,2212,0.0,630,0.8746031746031746,26,0.7307692307692307,43,0.7906976744186046,0.0861387839230505,0.03194778426657506
C2,C2.352,164,162,2911,2166,0.0,672,0.8764880952380952,41,0.5609756097560976,32,0.5625,0.09562493903499285,0.03710065269666781
C2,C2.353,182,180,2911,1887,0.0,970,0.8670103092783505,25,0.44,29,0.27586206896551724,0.11381541280201535,0.046375815870834766
C2,C2.354,186,184,2911,1978,0.0,875,0.8251428571428572,16,0.625,42,0.5952380952380952,0.13445065941780054,0.05839917554105119
C2,C2.355,176,174,2911,2241,0.0,398,0.8442211055276382,27,0.9259259259259259,245,0.5142857142857142,0.11907666915425832,0.061147372037100654
C2,C2.356,184,182,2911,2052,0.0,590,0.8762711864406779,7,0.7142857142857143,262,0.7022900763358778,0.12925772269640357,0.05049811061490896
C2,C2.357,181,179,2911,2239,0.0,595,0.7680672268907563,10,0.5,67,0.417910447761194,0.10258718135218177,0.05496392992098935
C2,C2.358,148,146,2911,2224,0.0,606,0.8415841584158416,47,0.8723404255319149,34,0.5588235294117647,0.12053947473682725,0.03847475094469255
C2,C2.359,147,145,2911,2381,0.0,477,0.7610062893081762,11,0.6363636363636364,42,0.30952380952380953,0.07175872730072615,0.047749914118859496
C2,C2.360,181,179,2911,2343,0.0,505,0.8217821782178217,29,0.10344827586206896,34,0.5588235294117647,0.09302222930168558,0.0436276193747853
C2,C2.361,182,180,2911,1887,0.0,970,0.8670103092783505,25,0.44,29,0.27586206896551724,0.11381541280201535,0.046375815870834766
C2,C2.362,185,183,2911,1764,0.0,1064,0.8787593984962406,9,0.6666666666666666,74,0.7972972972972973,0.1340646839855607,0.04019237375472346
C2,C2.363,173,171,2911,1754,0.0,1061,0.8803016022620169,10,0.8,86,0.813953488372093,0.16289894552021872,0.049467536928890415
C2,C2.364,47,45,2911,1978,0.0,856,0.9007009345794392,10,1.0,67,0.7761194029850746,0.1778617504484904,0.03229130882858124
C2,C2.365,42,40,2911,2155,0.0,689,0.8751814223512336,13,0.5384615384615384,54,0.3333333333333333,0.11086396427344555,0.03916180006870491
C2,C2.366,173,171,2911,2395,0.0,439,0.8883826879271071,6,0.8333333333333334,71,0.704225352112676,0.08416150877594765,0.02198557196839574
C2,C2.367,59,57,2911,2018,0.0,733,0.9358799454297408,20,0.95,140,0.0,0.08907531625353318,0.02507729302645139
C2,C2.368,140,138,2911,1974,0.0,358,0.8854748603351955,77,0.7662337662337663,502,0.7928286852589641,0.19769091750929757,0.05015458605290278
C2,C2.369,42,40,2911,2419,0.0,407,0.8845208845208845,31,0.7741935483870968,54,0.5925925925925926,0.06079525936104432,0.023016145654414292
C2,C2.370,90,88,2911,2440,0.0,400,0.915,31,0.8064516129032258,40,0.7,0.06214671621748228,0.01580212985228444
C2,C2.371,115,113,2911,2522,0.0,273,0.7619047619047619,10,0.7,106,0.660377358490566,0.07125246623275157,0.03332188251459979
C2,C2.372,117,115,2911,2181,0.0,608,0.8717105263157895,23,0.6521739130434783,99,0.696969696969697,0.1429092049646767,0.035726554448643075
C2,C2.373,65,63,2911,2222,0.0,569,0.8822495606326889,22,0.9545454545454546,98,0.7755102040816326,0.10330274328900231,0.028856063208519408
C2,C2.374,44,42,2911,2273,0.0,507,0.8796844181459567,53,0.8490566037735849,78,0.6282051282051282,0.08359915591107621,0.031260735142562696
C2,C2.375,118,116,2911,2275,0.0,465,0.7698924731182796,47,0.2765957446808511,124,0.3548387096774194,0.1234496973430152,0.057712126417038816
C2,C2.376,90,88,2911,2033,0.0,800,0.9425,40,0.95,38,0.868421052631579,0.09141266668748634,0.017863277224321537
C2,C2.377,247,245,2911,2316,0.0,514,0.8715953307392996,30,0.7333333333333333,51,0.45098039215686275,0.08406957423986428,0.029199587770525594
C2,C2.378,73,71,2911,2226,0.0,372,0.8763440860215054,20,0.55,293,0.6860068259385665,0.13739047130602233,0.044314668498797664
C2,C2.379,81,79,2911,2216,0.0,384,0.828125,19,0.7894736842105263,292,0.702054794520548,0.13371802286395124,0.047406389556853314
C2,C2.380,125,123,2911,2397,0.0,438,0.7123287671232876,20,0.4,56,0.19642857142857142,0.08461875755823858,0.051185159738921335
C2,C2.381,66,64,2911,2346,0.0,255,0.8274509803921568,29,0.6896551724137931,281,0.0,0.10332574716592237,0.056338028169014086
C2,C2.382,140,138,2911,2282,0.0,538,0.8494423791821561,25,0.88,66,0.7727272727272727,0.09660010255950692,0.03194778426657506
C2,C2.383,137,135,2911,2319,0.0,510,0.9098039215686274,26,0.5,56,0.5357142857142857,0.10780309681031082,0.02610786671246994
C2,C2.384,106,104,2911,2431,0.0,412,0.8762135922330098,14,0.35714285714285715,54,0.6666666666666666,0.06607232513278545,0.02164204740638956
C2,C2.385,59,57,2911,2310,0.0,489,0.7361963190184049,21,0.42857142857142855,91,0.3956043956043956,0.1027379510266563,0.049467536928890415
C2,C2.386,46,44,2911,2450,0.0,410,0.8658536585365854,4,1.0,47,0.19148936170212766,0.0640907529433809,0.023703194778426657
C2,C2.387,136,134,2911,2419,0.0,446,0.9035874439461884,4,0.25,42,0.6428571428571429,0.08787050662182047,0.017863277224321537
C2,C2.388,59,57,2911,2379,0.0,465,0.896774193548387,18,0.8333333333333334,49,0.0,0.053041397723095095,0.022329096530401923
C2,C2.389,66,64,2911,2087,0.0,755,0.9112582781456954,12,0.5833333333333334,57,0.3508771929824561,0.076638182755067,0.026451391274476124
C2,C2.390,59,57,2911,2454,0.0,314,0.8949044585987261,30,0.7666666666666667,113,0.46017699115044247,0.0923177059791354,0.029199587770525594
C2,C2.391,78,76,2911,2339,0.0,450,0.8355555555555556,44,0.7727272727272727,78,0.5769230769230769,0.09434721293098772,0.028169014084507043
C2,C2.392,59,57,2911,1977,0.0,189,0.783068783068783,16,0.25,729,0.2812071330589849,0.2598612642909231,0.1913431810374442
C2,C2.393,82,80,2911,2146,0.0,229,0.8122270742358079,30,0.8666666666666667,506,0.5691699604743083,0.17726726210924082,0.07798007557540364
C2,C2.394,82,80,2911,2213,0.0,597,0.9212730318257957,25,0.8,76,0.7236842105263158,0.09042425283407764,0.023016145654414292
C2,C2.395,90,88,2911,2529,0.0,233,0.8540772532188842,27,0.5555555555555556,122,0.45901639344262296,0.0770744199119328,0.03366540707660598
C2,C2.396,137,135,2911,2097,0.0,719,0.9026425591098748,36,0.8888888888888888,59,0.3898305084745763,0.10138300444037304,0.029543112332531776
C2,C2.397,72,70,2911,2375,0.0,456,0.8530701754385965,9,0.6666666666666666,71,0.5352112676056338,0.08656328213181529,0.02576434215046376
C2,C2.398,106,104,2911,2052,0.0,590,0.9355932203389831,7,0.5714285714285714,262,0.7633587786259542,0.1341562508257802,0.03332188251459979
C2,C2.399,90,88,2911,2129,0.0,258,0.813953488372093,19,0.6842105263157895,505,0.46732673267326735,0.16208894163205395,0.06904843696324287
C2,C2.400,117,115,2911,2075,0.0,525,0.8171428571428572,20,0.95,291,0.8350515463917526,0.1421385150777411,0.0436276193747853
C2,C2.401,89,87,2911,2093,0.0,715,0.9174825174825175,28,0.8214285714285714,75,0.7333333333333333,0.09389671361502347,0.023703194778426657
C2,C2.402,164,162,2911,2353,0.0,480,0.9208333333333333,19,0.6842105263157895,59,0.6440677966101694,0.08520893503144734,0.019580900034352457
C2,C2.403,147,145,2911,2416,0.0,375,0.912,32,0.71875,88,0.7159090909090909,0.0863454909439818,0.02164204740638956
C2,C2.404,90,88,2911,2329,0.0,496,0.8205645161290323,27,0.7407407407407407,59,0.7457627118644068,0.07623903063614502,0.019237375472346274
C2,C2.405,115,113,2911,2478,0.0,338,0.8994082840236687,12,0.25,83,0.5421686746987951,0.06171281954624357,0.023359670216420474
C2,C2.406,79,77,2911,2258,0.0,520,0.8634615384615385,50,0.84,83,0.7469879518072289,0.10905343368414477,0.03160425970456888
C2,C2.407,115,113,2911,2368,0.0,458,0.7991266375545851,40,0.85,45,0.4888888888888889,0.09788321988916013,0.03916180006870491
C2,C2.408,88,86,2911,2278,0.0,575,0.9130434782608695,11,0.9090909090909091,47,0.7659574468085106,0.07307885885933868,0.018206801786327723
C2,C2.409,64,62,2911,2282,0.0,541,0.8040665434380776,40,0.675,48,0.3958333333333333,0.16335146995268227,0.047406389556853314
C2,C2.410,117,115,2911,2250,0.0,565,0.8707964601769912,37,0.972972972972973,59,0.7457627118644068,0.10223290965304019,0.028512538646513225
C2,C2.411,89,87,2911,2277,0.0,534,0.8951310861423221,23,1.0,77,0.6753246753246753,0.09140912195911663,0.023359670216420474
C2,C2.412,165,163,2911,2241,0.0,609,0.8752052545155994,14,0.7142857142857143,47,0.851063829787234,0.108560084131905,0.028856063208519408
C2,C2.413,77,75,2911,2050,0.0,288,0.8090277777777778,82,0.5975609756097561,491,0.4195519348268839,0.18819191572197413,0.1037444177258674
C2,C2.414,87,85,2911,2317,0.0,498,0.8172690763052208,11,0.8181818181818182,85,0.6470588235294118,0.09159173116171924,0.02576434215046376
C2,C2.415,117,115,2911,2206,0.0,575,0.9060869565217391,74,0.7702702702702703,56,0.6785714285714286,0.1140352187355309,0.028512538646513225
C2,C2.416,90,88,2911,2349,0.0,413,0.7941888619854721,30,0.7,119,0.680672268907563,0.11819196777115018,0.0436276193747853
C2,C2.417,90,88,2911,2297,0.0,484,0.8326446280991735,15,0.4666666666666667,115,0.6521739130434783,0.09587848599356673,0.023016145654414292
C2,C2.418,151,149,2911,1808,0.0,1026,0.9171539961013645,20,0.65,57,0.8245614035087719,0.12601587590693944,0.025420817588457576
C2,C2.419,70,68,2911,2049,0.0,761,0.938239159001314,11,0.9090909090909091,90,0.8,0.1533786651039667,0.019237375472346274
C2,C2.420,83,81,2911,2371,0.0,463,0.7948164146868251,40,0.8,37,0.6486486486486487,0.07931176338367453,0.037444177258673994
C2,C2.421,65,63,2911,2326,0.0,508,0.8818897637795275,39,0.8461538461538461,38,0.6578947368421053,0.08426166756637385,0.024390243902439025
C2,C2.422,90,88,2911,2422,0.0,344,0.7616279069767442,96,0.5416666666666666,49,0.5510204081632653,0.0763288154648512,0.031260735142562696
C2,C2.423,117,115,2911,2079,0.0,739,0.8768606224627875,51,0.49019607843137253,42,0.3333333333333333,0.07779188385882634,0.03091721058055651
C2,C2.424,60,58,2911,2471,0.0,387,0.8656330749354005,13,0.6153846153846154,40,0.0,0.05340030088013362,0.01992442459635864
C2,C2.425,67,65,2911,2266,0.0,556,0.8039568345323741,32,0.1875,57,0.5789473684210527,0.08477657690986444,0.03469598076262453
C2,C2.426,90,88,2911,2406,0.0,417,0.8585131894484412,21,0.47619047619047616,67,0.417910447761194,0.08652915274351207,0.03091721058055651
C2,C2.427,71,69,2911,2329,0.0,449,0.8596881959910914,19,0.3157894736842105,114,0.5350877192982456,0.09880562981992343,0.03160425970456888
C2,C2.428,163,161,2911,2341,0.0,492,0.8252032520325203,27,0.9259259259259259,51,0.6470588235294118,0.09943009061793881,0.03297835795259361
C2,C2.429,143,141,2911,2232,0.0,553,0.8679927667269439,48,0.8125,78,0.7307692307692307,0.0983211150661102,0.02988663689453796
C2,C2.430,133,131,2911,2266,0.0,564,0.898936170212766,34,0.6764705882352942,47,0.723404255319149,0.0938372742506051,0.027138440398488492
C2,C2.431,75,73,2911,2291,0.0,473,0.8562367864693446,19,0.8947368421052632,128,0.7109375,0.08723641548589903,0.027138440398488492
C2,C2.432,88,86,2911,2452,0.0,393,0.8854961832061069,15,0.6666666666666666,51,0.6078431372549019,0.05919806987129812,0.019580900034352457
C2,C2.433,65,63,2911,2422,0.0,407,0.828009828009828,26,0.8846153846153846,56,0.6071428571428571,0.0726090963122911,0.02198557196839574
C2,C2.434,63,61,2911,2294,0.0,536,0.8507462686567164,17,0.47058823529411764,64,0.578125,0.09524640847886198,0.03366540707660598
C2,C2.435,165,163,2911,2323,0.0,489,0.8057259713701431,32,0.78125,67,0.582089552238806,0.10945788452095184,0.03469598076262453
C2,C2.436,63,61,2911,1987,0.0,818,0.9180929095354523,41,0.7073170731707317,65,0.8307692307692308,0.1583254022334728,0.029543112332531776
C2,C2.437,135,133,2911,2090,0.0,739,0.9215155615696887,32,0.96875,50,0.78,0.10451411937607674,0.022329096530401923
C2,C2.438,114,112,2911,2449,0.0,415,0.7590361445783133,4,1.0,43,0.5581395348837209,0.08301639102910144,0.03503950532463071
C2,C2.439,149,147,2911,2278,0.0,575,0.9165217391304348,11,0.9090909090909091,47,0.7446808510638298,0.09886496680431019,0.01992442459635864
C2,C2.440,121,119,2911,2119,0.0,678,0.9336283185840708,38,0.8157894736842105,76,0.7763157894736842,0.10658499057472526,0.019580900034352457
C2,C2.441,141,139,2911,1937,0.0,890,0.9168539325842696,19,0.42105263157894735,65,0.4153846153846154,0.09079428315815229,0.019580900034352457
C2,C2.442,141,139,2911,2093,0.0,706,0.8753541076487252,20,0.85,92,0.5869565217391305,0.117300045226615,0.03881827550669873
C2,C2.443,113,111,2911,2192,0.0,570,0.8578947368421053,95,0.7789473684210526,54,0.6851851851851852,0.10298928265262858,0.032634833390587425
C2,C2.444,141,139,2911,2266,0.0,564,0.900709219858156,34,0.6764705882352942,47,0.7021276595744681,0.1069868941672495,0.026451391274476124
C2,C2.445,89,87,2911,2440,0.0,379,0.899736147757256,31,0.5483870967741935,61,0.5901639344262295,0.09117615702626186,0.023703194778426657
C2,C2.446,141,139,2911,1858,0.0,330,0.8909090909090909,30,0.5,693,0.6666666666666666,0.23104621764628833,0.09000343524562006
C2,C2.447,165,163,2911,2376,0.0,336,0.8660714285714286,58,0.4827586206896552,141,0.5673758865248227,0.1225160329024875,0.04087942287873583
C2,C2.448,82,80,2911,2185,0.0,632,0.9018987341772152,45,0.8888888888888888,49,0.7346938775510204,0.15508416351769153,0.024733768464445208
C2,C2.449,116,114,2911,2141,0.0,569,0.8980667838312829,20,0.8,181,0.6353591160220995,0.1236839091889807,0.03160425970456888
C2,C2.450,186,184,2911,2092,0.0,732,0.7281420765027322,32,0.15625,55,0.2545454545454545,0.09626342359565665,0.02576434215046376
C2,C2.451,173,171,2911,2205,0.0,586,0.9197952218430034,35,0.2,85,0.2,0.06365449866507561,0.01992442459635864
C2,C2.452,186,184,2911,2245,0.0,551,0.9128856624319419,35,0.6857142857142857,80,0.65,0.055639777157110215,0.016489178976296804
C2,C2.453,59,57,2911,2032,0.0,813,0.8597785977859779,24,0.4583333333333333,42,0.47619047619047616,0.0764613354065342,0.034352456200618345
C2,C2.454,182,180,2911,2415,0.0,461,0.8893709327548807,10,0.5,25,0.64,0.053687163632199705,0.020611473720371008
C2,C2.455,166,164,2911,2421,0.0,383,0.8172323759791122,18,0.3333333333333333,89,0.39325842696629215,0.07099437792729009,0.041222947440742015
C2,C2.456,182,180,2911,2453,0.0,357,0.8207282913165266,18,0.7777777777777778,83,0.46987951807228917,0.07487117828924768,0.02507729302645139
C2,C2.457,117,115,2911,2477,0.0,278,0.6726618705035972,24,0.375,132,0.49242424242424243,0.08130778307170702,0.0436276193747853
C2,C2.458,116,114,2911,2310,0.0,499,0.8396793587174348,42,0.5952380952380952,60,0.6666666666666666,0.09414682360315078,0.03813122638268636
C2,C2.459,122,120,2911,2343,0.0,395,0.830379746835443,106,0.5377358490566038,67,0.5671641791044776,0.0982050841635177,0.04225352112676056
C2,C2.460,108,106,2911,2241,0.0,626,0.8402555910543131,7,0.42857142857142855,37,0.6486486486486487,0.09444332816966225,0.03847475094469255
C2,C2.461,132,130,2911,2241,0.0,609,0.8308702791461412,14,0.7142857142857143,47,0.851063829787234,0.11575192241629892,0.03847475094469255
C2,C2.462,164,162,2911,2224,0.0,605,0.8876033057851239,17,0.8823529411764706,65,0.8923076923076924,0.10554262037143063,0.024390243902439025
C2,C2.463,59,57,2911,2120,0.0,648,0.8719135802469136,11,0.9090909090909091,132,0.6287878787878788,0.1173949990055868,0.03469598076262453
C2,C2.464,87,85,2911,2207,0.0,670,0.8656716417910447,5,0.4,29,0.6896551724137931,0.08572352334956655,0.01511508072827207
C2,C2.465,139,137,2911,2093,0.0,715,0.9062937062937063,28,0.8928571428571429,75,0.30666666666666664,0.08655565223278427,0.028512538646513225
C2,C2.466,113,111,2911,2112,0.0,724,0.835635359116022,32,0.78125,43,0.7209302325581395,0.18723945518861354,0.04500171762281003
C2,C2.467,116,114,2911,2136,0.0,721,0.5603328710124826,15,0.2,39,0.2564102564102564,0.11540315922062111,0.02610786671246994
C2,C2.468,115,113,2911,2297,0.0,553,0.8282097649186256,11,1.0,50,0.64,0.095660950377421,0.037787701820680177
C2,C2.469,172,170,2911,2237,0.0,587,0.8858603066439523,15,0.7333333333333333,72,0.6388888888888888,0.0987693737749308,0.028512538646513225
C2,C2.470,90,88,2911,2025,0.0,795,0.869182389937107,26,0.9230769230769231,65,0.7692307692307693,0.15281768214609162,0.039505324630711096
C2,C2.471,61,59,2911,2176,0.0,651,0.9247311827956989,34,0.9411764705882353,50,0.76,0.1114475193450908,0.01992442459635864
C2,C2.472,186,184,2911,2209,0.0,626,0.8881789137380192,20,0.85,56,0.8392857142857143,0.10632458590354428,0.026451391274476124
C2,C2.473,90,88,2911,2229,0.0,600,0.85,9,0.5555555555555556,73,0.7397260273972602,0.11329283907435746,0.035726554448643075
C2,C2.474,31,29,2911,2240,0.0,599,0.8480801335559266,17,0.23529411764705882,55,0.2,0.08764614600978453,0.027138440398488492
C2,C2.475,90,88,2911,1929,0.0,921,0.8121606948968513,12,0.4166666666666667,49,0.4897959183673469,0.172429811686081,0.04843696324287187
C2,C2.476,90,88,2911,2185,0.0,632,0.884493670886076,45,0.8888888888888888,49,0.7142857142857143,0.09560522781924362,0.028512538646513225
C2,C2.477,102,100,2911,2112,0.0,724,0.899171270718232,32,0.96875,43,0.6511627906976745,0.13972861559601513,0.02679491583648231
C2,C2.478,139,137,2911,1910,0.0,883,0.9060022650056625,24,0.4583333333333333,94,0.7340425531914894,0.13452873194302006,0.03881827550669873
C2,C2.479,65,63,2911,2471,0.0,387,0.8733850129198967,13,0.6153846153846154,40,0.0,0.06071660314188655,0.023359670216420474
C2,C2.480,89,87,2911,2477,0.0,278,0.6762589928057554,24,0.375,132,0.4166666666666667,0.08224451841410109,0.04294057025077293
C2,C2.481,184,182,2911,2240,0.0,503,0.8091451292246521,36,0.8611111111111112,132,0.553030303030303,0.12432191648955647,0.05152868430092752
C2,C2.482,52,50,2911,2299,0.0,517,0.839458413926499,38,0.5526315789473685,57,0.0,0.07553418069391961,0.03847475094469255
C2,C2.483,117,115,2911,2440,0.0,408,0.8431372549019608,18,0.6666666666666666,45,0.5777777777777777,0.07206846593879289,0.029543112332531776
C2,C2.484,185,183,2911,2164,0.0,622,0.8215434083601286,65,0.8615384615384616,60,0.6833333333333333,0.10427753781116661,0.04534524218481621
C2,C2.485,185,183,2911,2415,0.0,398,0.8417085427135679,27,0.6296296296296297,71,0.5633802816901409,0.07233538509478837,0.03332188251459979
C2,C2.486,62,60,2911,2068,0.0,692,0.8569364161849711,26,0.7692307692307693,125,0.736,0.12518607580442,0.044314668498797664
C2,C2.487,140,138,2911,2429,0.0,420,0.8047619047619048,20,0.25,42,0.09523809523809523,0.0679232695572516,0.02507729302645139
C2,C2.488,82,80,2911,2111,0.0,609,0.9277504105090312,47,0.9787234042553191,144,0.8055555555555556,0.11370663002404673,0.019237375472346274
C2,C2.489,66,64,2911,1755,0.0,968,0.7789256198347108,116,0.7672413793103449,72,0.5277777777777778,0.170667296461697,0.07969769838543456
C2,C2.490,149,147,2911,2349,0.0,479,0.8851774530271399,30,0.9,53,0.5094339622641509,0.08104141691028868,0.023703194778426657
C2,C2.491,138,136,2911,2197,0.0,634,0.8249211356466877,28,0.75,52,0.7692307692307693,0.09973073736536868,0.04328409481277912
C2,C2.492,139,137,2911,2409,0.0,424,0.8372641509433962,28,0.8214285714285714,50,0.52,0.07291747637328332,0.027481964960494674
C2,C2.493,79,77,2911,2246,0.0,571,0.8774080560420315,14,0.7142857142857143,80,0.5625,0.09876108089780368,0.03332188251459979
C2,C2.494,69,67,2911,2122,0.0,679,0.7393225331369662,51,0.6078431372549019,59,0.2711864406779661,0.12854996744207509,0.04087942287873583
C2,C2.495,139,137,2911,2241,0.0,609,0.8653530377668309,14,0.6428571428571429,47,0.851063829787234,0.0947952267638231,0.03023016145654414
C2,C2.496,157,155,2911,2454,0.0,352,0.8039772727272727,47,0.2978723404255319,58,0.46551724137931033,0.08007889983488659,0.04465819306080385
C2,C2.497,186,184,2911,2291,0.0,552,0.8641304347826086,33,0.8484848484848485,35,0.5142857142857142,0.09272922796588652,0.031260735142562696
C2,C2.498,115,113,2911,2168,0.0,661,0.8456883509833586,13,0.6153846153846154,69,0.14492753623188406,0.09283371283170641,0.03916180006870491
C2,C2.499,90,88,2911,2274,0.0,563,0.8916518650088809,31,0.8387096774193549,43,0.8372093023255814,0.0828089378845133,0.023703194778426657
C2,C2.500,92,90,2911,2275,0.0,558,0.8387096774193549,35,0.8857142857142857,43,0.6976744186046512,0.09102637505248291,0.03332188251459979
